step,loss_total,loss_pde,loss_bc
1,93.24664306640625,0.5403668880462646,1.8541254997253418
2,60.661170959472656,0.49287211894989014,1.2033660411834717
3,46.3611946105957,0.481945276260376,0.917585015296936
4,42.47916793823242,0.5299029350280762,0.8389852643013
5,29.746858596801758,0.5773255228996277,0.5833906531333923
6,28.778987884521484,0.5866546630859375,0.5638466477394104
7,23.72161865234375,0.6491316556930542,0.4614497423171997
8,18.607221603393555,0.6783661246299744,0.3585771322250366
9,13.840725898742676,0.6990004181861877,0.2628345191478729
10,11.449186325073242,0.7405312061309814,0.2141731083393097
11,8.069958686828613,0.7278591990470886,0.14684198796749115
12,6.644754886627197,0.7489744424819946,0.11791561543941498
13,4.806827545166016,0.7805396318435669,0.08052576333284378
14,5.638313293457031,0.7804430723190308,0.09715740382671356
15,5.98652982711792,0.7778497934341431,0.10417360067367554
16,5.197787761688232,0.7998448610305786,0.08795885741710663
17,4.7540154457092285,0.7969903349876404,0.07914049923419952
18,3.4372830390930176,0.8102726340293884,0.05254020541906357
19,3.489457607269287,0.8189705610275269,0.05340974032878876
20,2.9606523513793945,0.816216230392456,0.04288872331380844
21,3.328195571899414,0.8007541298866272,0.05054882913827896
22,3.2418742179870605,0.8153285384178162,0.04853091388940811
23,3.486584424972534,0.820298433303833,0.05332572013139725
24,3.110671281814575,0.8285202980041504,0.045643020421266556
25,2.526634693145752,0.821769118309021,0.03409731388092041
26,2.5664138793945312,0.836244523525238,0.034603387117385864
27,2.561645746231079,0.8284429311752319,0.034664057195186615
28,2.1653647422790527,0.8464381694793701,0.026378531008958817
29,2.0149083137512207,0.8493618965148926,0.023310929536819458
30,2.038017988204956,0.8500059247016907,0.023760240525007248
31,2.1352343559265137,0.8556702733039856,0.025591280311346054
32,1.9749946594238281,0.8368545174598694,0.022762803360819817
33,1.9818357229232788,0.8658277988433838,0.022320158779621124
34,1.842217206954956,0.856744647026062,0.019709451124072075
35,1.795161485671997,0.8630929589271545,0.01864136941730976
36,1.8281080722808838,0.8575502634048462,0.019411155954003334
37,1.7625852823257446,0.8757182955741882,0.017737340182065964
38,1.5417163372039795,0.8611961603164673,0.01361040212213993
39,1.7623627185821533,0.8720481991767883,0.017806289717555046
40,1.677046298980713,0.8776530027389526,0.01598786562681198
41,1.5777366161346436,0.8823236227035522,0.013908261433243752
42,1.593691110610962,0.8797084093093872,0.014279652386903763
43,1.5099742412567139,0.8753169775009155,0.012693144381046295
44,1.5896220207214355,0.8901182413101196,0.013990076258778572
45,1.5621204376220703,0.878287672996521,0.013676654547452927
46,1.4781498908996582,0.8844210505485535,0.011874575167894363
47,1.5320956707000732,0.8733276128768921,0.013175361789762974
48,1.457165002822876,0.8916815519332886,0.01130967028439045
49,1.3868972063064575,0.897083580493927,0.009796272963285446
50,1.3534164428710938,0.8970434665679932,0.009127458557486534
51,1.2878378629684448,0.8923619985580444,0.007909517735242844
52,1.355542540550232,0.8922134637832642,0.009266582317650318
53,1.348861575126648,0.9026069045066833,0.008925093337893486
54,1.3411197662353516,0.8870468735694885,0.009081458672881126
55,1.2534257173538208,0.9062687158584595,0.0069431401789188385
56,1.3246632814407349,0.8989472389221191,0.008514320477843285
57,1.2636638879776,0.8971090316772461,0.007331097964197397
58,1.209825038909912,0.8956754207611084,0.006282992660999298
59,1.2026984691619873,0.9063112735748291,0.0059277452528476715
60,1.2124146223068237,0.9136084318161011,0.005976123735308647
61,1.1904311180114746,0.9042559862136841,0.005723502486944199
62,1.177506685256958,0.9094876050949097,0.005360382609069347
63,1.1444356441497803,0.9113154411315918,0.004662404768168926
64,1.1594688892364502,0.8995832800865173,0.005197713151574135
65,1.133246898651123,0.9115291833877563,0.0044343555346131325
66,1.0983830690383911,0.908284604549408,0.003801969578489661
67,1.1208598613739014,0.9194960594177246,0.004027275368571281
68,1.1264474391937256,0.9113578200340271,0.004301792476326227
69,1.1214512586593628,0.9073016047477722,0.004282992333173752
70,1.127400279045105,0.9154118895530701,0.004239768721163273
71,1.1249885559082031,0.9242985844612122,0.004013798665255308
72,1.093077301979065,0.9116242527961731,0.003629060462117195
73,1.0844085216522217,0.9087504148483276,0.00351316318847239
74,1.1151338815689087,0.9252562522888184,0.0037975534796714783
75,1.0920836925506592,0.9020444750785828,0.003800785169005394
76,1.1112245321273804,0.923660933971405,0.003751272102817893
77,1.1202515363693237,0.9221095442771912,0.003962839487940073
78,1.1083452701568604,0.9075751900672913,0.004015402868390083
79,1.088815689086914,0.91923987865448,0.003391515463590622
80,1.0712761878967285,0.9084203243255615,0.003257117001339793
81,1.0971256494522095,0.9202021360397339,0.003538471180945635
82,1.1400578022003174,0.9202894568443298,0.00439536664634943
83,1.1230751276016235,0.9187039136886597,0.004087424371391535
84,1.0755629539489746,0.925531268119812,0.003000633092597127
85,1.0623449087142944,0.9219322204589844,0.002808254212141037
86,1.0731446743011475,0.9141042232513428,0.003180809784680605
87,1.0511611700057983,0.9139281511306763,0.0027446600142866373
88,1.0391517877578735,0.9265720248222351,0.002251595724374056
89,1.1551780700683594,0.9202409982681274,0.004698740318417549
90,1.1609928607940674,0.9325070381164551,0.004569717682898045
91,1.0853478908538818,0.92239910364151,0.0032589747570455074
92,1.0739519596099854,0.9224567413330078,0.003029904793947935
93,1.047550916671753,0.9194872379302979,0.0025612739846110344
94,1.0832644701004028,0.9117522239685059,0.0034302454441785812
95,1.1061960458755493,0.9258168339729309,0.003607583697885275
96,1.0626193284988403,0.9357314109802246,0.0025377576239407063
97,1.0384140014648438,0.935287356376648,0.002062531653791666
98,1.0735466480255127,0.9303184747695923,0.002864563139155507
99,1.0767614841461182,0.9223629832267761,0.003087969496846199
100,1.0849034786224365,0.9301600456237793,0.003094868967309594
101,1.0565838813781738,0.9305900931358337,0.0025198757648468018
102,1.0525550842285156,0.9310871362686157,0.0024293577298521996
103,1.050606608390808,0.9169395565986633,0.0026733404956758022
104,1.0291461944580078,0.9198753237724304,0.002185417804867029
105,1.0232821702957153,0.9300549030303955,0.001864546095021069
106,1.0123766660690308,0.9245823621749878,0.0017558862455189228
107,1.020633339881897,0.9215565323829651,0.0019815354607999325
108,1.0378148555755615,0.9321861267089844,0.002112574875354767
109,1.0432186126708984,0.9314161539077759,0.0022360500879585743
110,1.01450777053833,0.9318593740463257,0.0016529688145965338
111,1.022141456604004,0.9256048202514648,0.0019307327456772327
112,1.027449607849121,0.920826256275177,0.002132467459887266
113,1.0296614170074463,0.9305292367935181,0.0019826446659862995
114,1.020172119140625,0.9316944479942322,0.0017695528222247958
115,1.0126465559005737,0.9277245998382568,0.0016984386602416635
116,1.019748568534851,0.9296989440917969,0.0018009915947914124
117,1.0218346118927002,0.9272500276565552,0.0018916918197646737
118,1.0012010335922241,0.9227007627487183,0.0015700048534199595
119,1.0217465162277222,0.9342091679573059,0.00175074755679816
120,1.0323718786239624,0.9351952075958252,0.0019435323774814606
121,1.0300136804580688,0.9266687035560608,0.0020669000223279
122,1.007929801940918,0.9278466701507568,0.001601661671884358
123,1.0361552238464355,0.931739866733551,0.002088306937366724
124,1.011122465133667,0.9241805076599121,0.0017388383857905865
125,1.0366560220718384,0.9248844385147095,0.0022354323882609606
126,1.0062679052352905,0.9163821339607239,0.0017977149691432714
127,1.0213875770568848,0.936037003993988,0.0017070126486942172
128,1.0227041244506836,0.9313238859176636,0.0018276060000061989
129,0.9902082681655884,0.9289090633392334,0.0012259839568287134
130,1.0454005002975464,0.9359232187271118,0.0021895458921790123
131,1.0278297662734985,0.9291950464248657,0.0019726951140910387
132,1.0636123418807983,0.9323698282241821,0.0026248509529978037
133,1.050966501235962,0.9282136559486389,0.0024550571106374264
134,1.0351276397705078,0.9288071990013123,0.002126408042386174
135,1.0194456577301025,0.9306096434593201,0.0017767194658517838
136,1.0229220390319824,0.9239010810852051,0.001980419270694256
137,1.0193508863449097,0.9318704605102539,0.0017496084328740835
138,1.0482765436172485,0.9302473068237305,0.002360585378482938
139,1.0346406698226929,0.9393090605735779,0.0019066319800913334
140,1.0118457078933716,0.9323133230209351,0.0015906475018709898
141,1.0223768949508667,0.936795175075531,0.0017116344533860683
142,1.0263515710830688,0.9262033700942993,0.0020029640290886164
143,1.0246424674987793,0.9256181120872498,0.0019804860930889845
144,1.0161653757095337,0.925546407699585,0.0018123793415725231
145,1.0039008855819702,0.9302421808242798,0.0014731737319380045
146,0.9871839284896851,0.9309517741203308,0.001124642789363861
147,0.9999023079872131,0.9371955394744873,0.0012541356263682246
148,1.0057529211044312,0.9329009652137756,0.0014570385683327913
149,0.9866803288459778,0.9329588413238525,0.0010744293686002493
150,1.00851571559906,0.9366401433944702,0.0014375110622495413
151,1.0129621028900146,0.923647403717041,0.0017862934619188309
152,1.0034077167510986,0.9309960603713989,0.0014482319820672274
153,1.0260707139968872,0.9424251317977905,0.0016729109920561314
154,1.0007907152175903,0.9322501420974731,0.0013708107871934772
155,1.0112850666046143,0.9407944083213806,0.001409813528880477
156,0.9962892532348633,0.9371064901351929,0.001183654647320509
157,0.9943850040435791,0.9343699216842651,0.0012003021547570825
158,0.9943126440048218,0.9387638568878174,0.0011109755141660571
159,1.0030170679092407,0.9379693269729614,0.0013009549584239721
160,0.9972108602523804,0.932176947593689,0.0013006788212805986
161,0.9973424077033997,0.9321261644363403,0.0013043247163295746
162,0.991878092288971,0.9355960488319397,0.0011256407015025616
163,0.9942921996116638,0.937961220741272,0.0011266194051131606
164,1.0009210109710693,0.9325435161590576,0.0013675492955371737
165,0.9756234288215637,0.9223318099975586,0.0010658323299139738
166,0.9933133721351624,0.9356300234794617,0.0011536669917404652
167,0.9846209287643433,0.935039758682251,0.0009916233830153942
168,0.9874802827835083,0.9276069402694702,0.0011974673252552748
169,1.009832501411438,0.9393017888069153,0.00141061469912529
170,0.9793408513069153,0.9261908531188965,0.0010630004107952118
171,0.9847128391265869,0.9267802834510803,0.00115865096449852
172,0.9980671405792236,0.9309355020523071,0.0013426324585452676
173,1.021779179573059,0.9404623508453369,0.0016263367142528296
174,1.0194847583770752,0.9243736267089844,0.0019022217020392418
175,1.0002034902572632,0.9362321496009827,0.0012794261565431952
176,1.0148465633392334,0.9389081001281738,0.0015187682583928108
177,0.9944676160812378,0.9332226514816284,0.0012248990824446082
178,0.9956401586532593,0.9375143051147461,0.001162516651675105
179,1.011668086051941,0.9358550310134888,0.0015162620693445206
180,0.9925746917724609,0.9264864921569824,0.0013217634987086058
181,1.006591558456421,0.9308176040649414,0.0015154802240431309
182,0.97254478931427,0.9241582155227661,0.0009677311172708869
183,0.9942454099655151,0.9299042224884033,0.0012868241174146533
184,0.9951106309890747,0.9283563494682312,0.0013350860681384802
185,0.9942573308944702,0.941318154335022,0.0010587834985926747
186,0.9905431270599365,0.9376828074455261,0.0010572064202278852
187,0.9737089276313782,0.9160102605819702,0.0011539729312062263
188,0.9885233044624329,0.9344855546951294,0.001080754678696394
189,0.9800697565078735,0.9334117770195007,0.0009331598412245512
190,0.9826004505157471,0.9283604025840759,0.0010848009260371327
191,0.9825729131698608,0.9163188338279724,0.0013250819174572825
192,0.9844940900802612,0.9344750046730042,0.0010003820061683655
193,0.9917195439338684,0.9345803260803223,0.0011427843710407615
194,1.0073034763336182,0.927030086517334,0.0016054688021540642
195,0.9868475198745728,0.9196121096611023,0.0013447086093947291
196,0.9977856874465942,0.9310159683227539,0.001335394219495356
197,0.9874833822250366,0.9294158220291138,0.0011613517999649048
198,0.9844866394996643,0.9261261224746704,0.0011672098189592361
199,0.9768841862678528,0.9292065501213074,0.0009535524877719581
200,0.9714366793632507,0.9256812334060669,0.0009151094127446413
201,0.9869624972343445,0.9267870187759399,0.0012035092804580927
202,1.004004955291748,0.9364829659461975,0.0013504389207810163
203,0.9829574227333069,0.9256879091262817,0.0011453907936811447
204,0.9898287057876587,0.9292802810668945,0.0012109684757888317
205,0.9957390427589417,0.9279491901397705,0.0013557971687987447
206,1.0078808069229126,0.9296045303344727,0.0015655262395739555
207,1.0072777271270752,0.9128947854042053,0.0018876595422625542
208,1.0007109642028809,0.9226587414741516,0.0015610437840223312
209,1.014865517616272,0.9298020601272583,0.0017012687167152762
210,0.9828735589981079,0.9185147285461426,0.001287176739424467
211,0.9728699922561646,0.9223101139068604,0.0010111976880580187
212,0.9765413999557495,0.9235091209411621,0.0010606450960040092
213,0.985044002532959,0.9213294982910156,0.0012742900289595127
214,0.9692386388778687,0.9112763404846191,0.001159246196039021
215,0.9856797456741333,0.9226689338684082,0.0012602168135344982
216,0.9874435663223267,0.9210307598114014,0.0013282564468681812
217,0.9823971390724182,0.9236292839050293,0.0011753574945032597
218,1.0024960041046143,0.9266036152839661,0.001517847296781838
219,1.0034576654434204,0.9257321953773499,0.0015545084606856108
220,1.001145601272583,0.9290959239006042,0.001440994325093925
221,1.003402590751648,0.9236283898353577,0.0015954850241541862
222,1.00565767288208,0.9342544674873352,0.0014280637260526419
223,0.9902560710906982,0.9265087842941284,0.0012749452143907547
224,0.9934636354446411,0.9202491044998169,0.0014642910100519657
225,0.9809002876281738,0.9176799654960632,0.0012644059024751186
226,0.9827070236206055,0.9270371198654175,0.0011133980005979538
227,0.9841049909591675,0.9139844179153442,0.0014024118427187204
228,0.9830900430679321,0.9232708811759949,0.001196382800117135
229,0.9967441558837891,0.9317716360092163,0.0012994504068046808
230,0.9812840819358826,0.9178435206413269,0.0012688108254224062
231,0.9788305759429932,0.9265456199645996,0.0010456995805725455
232,0.993890643119812,0.9258610010147095,0.0013605932472273707
233,0.9814292788505554,0.927648663520813,0.001075612846761942
234,0.978911280632019,0.9140163064002991,0.001297899056226015
235,0.9867630004882812,0.9225560426712036,0.001284138998016715
236,0.9872139096260071,0.9336901903152466,0.0010704743908718228
237,0.9743920564651489,0.9283632040023804,0.0009205769747495651
238,0.9798786044120789,0.9282239675521851,0.0010330930817872286
239,0.9868678450584412,0.9263997077941895,0.0012093622935935855
240,0.9649754762649536,0.9162395596504211,0.0009747178992256522
241,0.9692075252532959,0.9179437160491943,0.0010252762585878372
242,0.9915680289268494,0.9276365041732788,0.0012786299921572208
243,0.9717527627944946,0.9182244539260864,0.001070565776899457
244,0.991396963596344,0.9204738140106201,0.0014184629544615746
245,0.9824394583702087,0.9238871335983276,0.001171046169474721
246,0.9874424934387207,0.9301718473434448,0.0011454125633463264
247,0.9886517524719238,0.9156209230422974,0.0014606164768338203
248,1.0004191398620605,0.9189751744270325,0.0016288781771436334
249,0.9838129281997681,0.922268271446228,0.001230892725288868
250,0.9829740524291992,0.9166454076766968,0.0013265734305605292
251,0.9812885522842407,0.9198072552680969,0.001229626126587391
252,0.968541145324707,0.9054834842681885,0.0012611537240445614
253,0.9851639866828918,0.9179215431213379,0.001344849355518818
254,0.9938248991966248,0.9283361434936523,0.0013097752816975117
255,0.9862732291221619,0.9175617098808289,0.0013742299051955342
256,0.9786350131034851,0.9224770069122314,0.0011231605894863605
257,0.9849320650100708,0.9210604429244995,0.0012774321949109435
258,0.9771441221237183,0.9203322529792786,0.0011362379882484674
259,0.9520130753517151,0.9101203680038452,0.0008378546917811036
260,0.9829007387161255,0.9203429222106934,0.0012511562090367079
261,0.9808836579322815,0.9158614873886108,0.001300443196669221
262,0.9688239693641663,0.9200220108032227,0.0009760388638824224
263,0.9531257152557373,0.9109760522842407,0.0008429932640865445
264,0.9805968403816223,0.9115613698959351,0.001380709232762456
265,0.9711191058158875,0.9099407196044922,0.0012235675239935517
266,0.9849319458007812,0.9151715040206909,0.0013952089939266443
267,0.9921351075172424,0.9124435186386108,0.0015938314609229565
268,0.979922890663147,0.9118795990943909,0.0013608651934191585
269,0.9967752695083618,0.9215713739395142,0.001504078391008079
270,0.9947818517684937,0.9179235696792603,0.001537166303023696
271,0.9690131545066833,0.909473717212677,0.0011907885782420635
272,1.005245327949524,0.9186280965805054,0.0017323452048003674
273,1.0063824653625488,0.9116417169570923,0.0018948143115267158
274,0.964523196220398,0.9189672470092773,0.0009111195104196668
275,0.9884580373764038,0.9196041822433472,0.0013770773075520992
276,0.9767851233482361,0.9031838774681091,0.001472024479880929
277,0.9534100294113159,0.9069271087646484,0.0009296585922129452
278,0.9628776907920837,0.8996475338935852,0.001264602760784328
279,0.9905695915222168,0.9112513065338135,0.0015863662119954824
280,0.9762341380119324,0.9066890478134155,0.0013909018598496914
281,0.9674462080001831,0.9179062843322754,0.0009907984640449286
282,0.9913215041160583,0.9158880710601807,0.001508668763563037
283,0.9892018437385559,0.919934868812561,0.001385339186526835
284,0.9818520545959473,0.9160270690917969,0.0013164991978555918
285,0.9943740367889404,0.9179655909538269,0.0015281694941222668
286,0.9704551696777344,0.9159791469573975,0.0010895209852606058
287,0.9815435409545898,0.9034448862075806,0.0015619727782905102
288,0.9843336939811707,0.9076331853866577,0.001534010050818324
289,0.9791443943977356,0.9131868481636047,0.001319150673225522
290,0.957899808883667,0.9090017080307007,0.000977962277829647
291,0.9824651479721069,0.9122180938720703,0.0014049406163394451
292,0.9676423072814941,0.8953710794448853,0.0014454240445047617
293,0.9623569250106812,0.8954509496688843,0.0013381189201027155
294,0.9618685841560364,0.9037917852401733,0.0011615355033427477
295,0.9592538475990295,0.9061356782913208,0.0010623638518154621
296,0.948262095451355,0.895873486995697,0.0010477725882083178
297,0.9761884212493896,0.9200915694236755,0.0011219371808692813
298,0.9634251594543457,0.9055002927780151,0.0011584970634430647
299,0.976161003112793,0.9168912172317505,0.0011853951727971435
300,0.9650834202766418,0.9079471826553345,0.0011427243007346988
301,0.9617478251457214,0.9004806280136108,0.001225344487465918
302,0.968824028968811,0.9068634510040283,0.0012392117641866207
303,0.9615849852561951,0.9076590538024902,0.0010785190388560295
304,0.9771581292152405,0.8991730809211731,0.0015597008168697357
305,0.9606791138648987,0.9090481996536255,0.0010326182236894965
306,0.9634883403778076,0.9005118608474731,0.0012595290318131447
307,0.9674655795097351,0.9075444340705872,0.0011984226293861866
308,0.9722076654434204,0.906847357749939,0.0013072059955447912
309,0.9713394045829773,0.9027937650680542,0.001370912417769432
310,0.9880101680755615,0.9069823026657104,0.0016205566935241222
311,0.9640095829963684,0.9027014970779419,0.0012261620722711086
312,0.9635547399520874,0.9030461311340332,0.0012101719621568918
313,0.9569469690322876,0.909829318523407,0.0009423527517355978
314,0.9435010552406311,0.8929916620254517,0.0010101876687258482
315,0.9751230478286743,0.9074497818946838,0.0013534659519791603
316,0.9706199765205383,0.8912140130996704,0.0015881196595728397
317,0.9698690176010132,0.9009101390838623,0.0013791770907118917
318,0.9427866339683533,0.8863339424133301,0.001129054231569171
319,0.9702308773994446,0.9030848741531372,0.0013429204700514674
320,0.9583804607391357,0.8985942602157593,0.00119572423864156
321,0.963543713092804,0.8903473615646362,0.0014639266300946474
322,0.9862095713615417,0.8920764923095703,0.0018826615996658802
323,0.9744333028793335,0.8941702842712402,0.0016052601858973503
324,0.9974422454833984,0.8933708071708679,0.0020814286544919014
325,0.9966723918914795,0.9015049338340759,0.0019033493008464575
326,0.969456136226654,0.8944027423858643,0.001501067541539669
327,0.9796856641769409,0.8987151980400085,0.0016194088384509087
328,0.997249960899353,0.8970904350280762,0.002003191038966179
329,0.9794813990592957,0.9004189372062683,0.0015812492929399014
330,0.9403673410415649,0.878679096698761,0.0012337648076936603
331,0.9787096977233887,0.9002135992050171,0.0015699217328801751
332,0.9863554835319519,0.894425630569458,0.0018385968869552016
333,0.9494040012359619,0.9012420177459717,0.0009632394067011774
334,0.9856134653091431,0.9019210934638977,0.0016738473204895854
335,1.0158474445343018,0.8847082853317261,0.002622783649712801
336,0.9662368893623352,0.8971139192581177,0.0013824598863720894
337,1.0006225109100342,0.9180830717086792,0.0016507890541106462
338,0.9767975807189941,0.8759303092956543,0.0020173448137938976
339,0.9644759297370911,0.8879408836364746,0.001530701294541359
340,0.9669049978256226,0.8955769538879395,0.0014265608042478561
341,0.9669215083122253,0.8868668675422668,0.0016010926337912679
342,0.9528331756591797,0.8822040557861328,0.001412582932971418
343,0.9587100148200989,0.8984220623970032,0.0012057586573064327
344,0.9523653388023376,0.8823004364967346,0.0014012976316735148
345,0.9580268263816833,0.8973832130432129,0.001212872564792633
346,0.9651331901550293,0.9025399088859558,0.0012518658768385649
347,0.9399816989898682,0.8971549272537231,0.0008565353928133845
348,0.9435840845108032,0.8940402269363403,0.00099087692797184
349,0.9635785818099976,0.8886645436286926,0.0014982807915657759
350,0.9598355293273926,0.8949028253555298,0.0012986534275114536
351,0.9367038011550903,0.896964430809021,0.0007947877747938037
352,0.9248155951499939,0.8794750571250916,0.0009068107465282083
353,0.9416693449020386,0.8955342173576355,0.0009227028349414468
354,0.9498655200004578,0.9021465182304382,0.0009543801425024867
355,0.9446336030960083,0.8966943025588989,0.0009587861131876707
356,0.9445257186889648,0.8882327079772949,0.0011258602607995272
357,0.9545210599899292,0.8889750242233276,0.001310921274125576
358,0.9526878595352173,0.8979953527450562,0.0010938497725874186
359,0.9441989064216614,0.8795929551124573,0.0012921190354973078
360,0.9454578757286072,0.8825029134750366,0.0012590987607836723
361,0.9455331563949585,0.8927121758460999,0.0010564191034063697
362,0.9515824913978577,0.8873257637023926,0.0012851343490183353
363,0.9156172871589661,0.8723272085189819,0.0008658011211082339
364,0.9588010907173157,0.8835116624832153,0.0015057885320857167
365,0.963237464427948,0.8921618461608887,0.001421511871740222
366,0.9463698267936707,0.8805743455886841,0.0013159096706658602
367,0.9473991990089417,0.8771357536315918,0.0014052686747163534
368,0.9417753219604492,0.8770438432693481,0.0012946301139891148
369,0.9527373909950256,0.8926979899406433,0.0012007884215563536
370,0.9328380823135376,0.8764935731887817,0.00112689018715173
371,0.9390817880630493,0.8889685869216919,0.0010022640926763415
372,0.9413555264472961,0.8833190202713013,0.0011607299093157053
373,0.9298073649406433,0.8660659193992615,0.0012748287990689278
374,0.9664024114608765,0.8701361417770386,0.0019253259524703026
375,0.9771301746368408,0.8731541633605957,0.0020795201417058706
376,0.9545075297355652,0.8861533403396606,0.0013670834014192224
377,0.943354606628418,0.8663073778152466,0.00154094398021698
378,0.9607914686203003,0.8703265190124512,0.0018092989921569824
379,0.971648097038269,0.8842344284057617,0.0017482731491327286
380,0.9827853441238403,0.8821574449539185,0.0020125573500990868
381,0.9898189306259155,0.8735827207565308,0.002324723871424794
382,0.9542112946510315,0.8684700727462769,0.0017148240003734827
383,0.9468444585800171,0.8735623955726624,0.0014656409621238708
384,0.9711059331893921,0.8873345851898193,0.001675426959991455
385,0.9497452974319458,0.8750241994857788,0.0014944225549697876
386,0.9630947113037109,0.8833720088005066,0.0015944541664794087
387,0.9456896185874939,0.8716945648193359,0.001479901373386383
388,0.9768840074539185,0.8895877599716187,0.0017459255177527666
389,0.9446560144424438,0.8716379404067993,0.001460361760109663
390,0.9526408910751343,0.865181565284729,0.0017491860780864954
391,0.9554356336593628,0.8772472143173218,0.0015637680189684033
392,0.9325315356254578,0.876240611076355,0.0011258182348683476
393,0.947289764881134,0.8727462887763977,0.0014908700250089169
394,0.9375810027122498,0.8627206683158875,0.0014972068602219224
395,0.9523833990097046,0.873869776725769,0.001570272957906127
396,0.9625953435897827,0.8829681277275085,0.0015925441402941942
397,0.9245415925979614,0.8692838549613953,0.0011051543988287449
398,0.942268431186676,0.8739433884620667,0.0013665007427334785
399,0.9590401649475098,0.8648311495780945,0.0018841808196157217
400,0.9299863576889038,0.8689438700675964,0.0012208500411361456
401,0.9574176669120789,0.8709404468536377,0.0017295440193265676
402,0.9561576247215271,0.8667107820510864,0.0017889367882162333
403,0.9526851177215576,0.874650239944458,0.001560697564855218
404,0.9400935173034668,0.8571200966835022,0.0016594678163528442
405,0.9208319783210754,0.8575261235237122,0.001266116974875331
406,0.9780979752540588,0.8751732110977173,0.00205849576741457
407,0.9571292400360107,0.8629032373428345,0.0018845206359401345
408,0.9685537815093994,0.8723141551017761,0.0019247930031269789
409,0.9465851783752441,0.8671325445175171,0.0015890523791313171
410,0.9490712285041809,0.8599539995193481,0.001782344770617783
411,0.9402956962585449,0.8609104156494141,0.0015877056866884232
412,0.9380230903625488,0.8603280782699585,0.0015539003070443869
413,0.942772626876831,0.8635978698730469,0.0015834954101592302
414,0.9372917413711548,0.8699954748153687,0.0013459259644150734
415,0.9343155026435852,0.8615931272506714,0.001454447628930211
416,0.9502363801002502,0.8732311725616455,0.001540104509331286
417,0.911893367767334,0.8428640961647034,0.0013805850176140666
418,0.9129669666290283,0.8439947366714478,0.0013794442638754845
419,0.9404436349868774,0.8707756996154785,0.0013933581067249179
420,0.9214648008346558,0.8626725673675537,0.0011758441105484962
421,0.9350363612174988,0.8629399538040161,0.0014419280923902988
422,0.9237791895866394,0.8498112559318542,0.0014793584123253822
423,0.9296408891677856,0.8569045066833496,0.001454728189855814
424,0.9200016260147095,0.8556047677993774,0.0012879371643066406
425,0.9411717057228088,0.867525577545166,0.0014729227405041456
426,0.9294272661209106,0.863213062286377,0.0013242836575955153
427,0.9521620869636536,0.856520414352417,0.0019128334242850542
428,0.9374613165855408,0.870319128036499,0.0013428437523543835
429,0.9502875208854675,0.8725982904434204,0.0015537845902144909
430,0.9269067645072937,0.8569738864898682,0.0013986576814204454
431,0.9289116263389587,0.8547196984291077,0.0014838383067399263
432,0.9327141642570496,0.8706647157669067,0.0012409890769049525
433,0.9177862405776978,0.8457046747207642,0.0014416318153962493
434,0.9334301948547363,0.8447510004043579,0.0017735837027430534
435,0.9076276421546936,0.8524112701416016,0.001104326918721199
436,0.973348081111908,0.8740983605384827,0.0019849948585033417
437,0.9504560828208923,0.8633306622505188,0.0017425083788111806
438,0.9308165311813354,0.8592352271080017,0.001431626151315868
439,0.9555583000183105,0.8550788164138794,0.002009590156376362
440,0.9249576330184937,0.8568148612976074,0.0013628550805151463
441,0.8950409293174744,0.8254384994506836,0.0013920487836003304
442,0.9434458613395691,0.8633603453636169,0.001601710682734847
443,0.9448621869087219,0.8741734623908997,0.0014137749094516039
444,0.9057087302207947,0.8382054567337036,0.001350065809674561
445,0.9283438920974731,0.8465930223464966,0.0016350180376321077
446,0.9512782692909241,0.842339277267456,0.00217877933755517
447,0.9553636312484741,0.8577847480773926,0.0019515773747116327
448,0.9142889380455017,0.8426140546798706,0.0014334971783682704
449,0.9516009092330933,0.8563476800918579,0.0019050647970288992
450,0.9680817723274231,0.8633253574371338,0.0020951279439032078
451,0.9153369069099426,0.836556077003479,0.0015756163047626615
452,0.9287204742431641,0.8578698039054871,0.0014170138165354729
453,0.9294986128807068,0.8553332090377808,0.0014833081513643265
454,0.9477832913398743,0.8558751344680786,0.00183816347271204
455,0.9354842901229858,0.8505488634109497,0.0016987079288810492
456,0.9144225120544434,0.8493826389312744,0.0013007977977395058
457,0.9433808922767639,0.8554290533065796,0.0017590371426194906
458,0.9142338037490845,0.8380118608474731,0.0015244388487190008
459,0.9348700642585754,0.8469381332397461,0.0017586385365575552
460,0.9208778142929077,0.8534485697746277,0.0013485844247043133
461,0.9180930256843567,0.8464912176132202,0.0014320358168333769
462,0.9086355566978455,0.8438000082969666,0.0012967113871127367
463,0.9623762965202332,0.8664573431015015,0.0019183793338015676
464,0.9352326393127441,0.845781147480011,0.0017890292219817638
465,0.9421916604042053,0.851790726184845,0.0018080181907862425
466,0.9506245255470276,0.8540471792221069,0.0019315468380227685
467,0.9642480611801147,0.8686442971229553,0.0019120750948786736
468,0.9324650764465332,0.8574410676956177,0.0015004801098257303
469,0.9504339694976807,0.838276743888855,0.002243144903331995
470,0.9641880989074707,0.858759880065918,0.0021085646003484726
471,0.9344187378883362,0.8383397459983826,0.0019215799402445555
472,0.9241728782653809,0.8377901315689087,0.0017276548314839602
473,0.9327062368392944,0.8552405834197998,0.0015493128448724747
474,0.9258871078491211,0.8456313610076904,0.0016051153652369976
475,0.9280559420585632,0.8586549758911133,0.0013880195328965783
476,0.9141030311584473,0.8557391166687012,0.0011672788532450795
477,0.9246523380279541,0.8573919534683228,0.0013452082639560103
478,0.9644181132316589,0.8701168298721313,0.001886025769636035
479,0.9215283989906311,0.8465646505355835,0.001499274861998856
480,0.9470980167388916,0.8429394960403442,0.002083169762045145
481,0.9283277988433838,0.8374811410903931,0.0018169330433011055
482,0.9004591703414917,0.8318654298782349,0.001371874357573688
483,0.9177027344703674,0.8395031690597534,0.0015639916528016329
484,0.9399930834770203,0.8396758437156677,0.002006344962865114
485,0.9116004109382629,0.8406384587287903,0.001419238978996873
486,0.8865485787391663,0.8271530270576477,0.0011879113735631108
487,0.9003776907920837,0.8354798555374146,0.0012979567982256413
488,0.8976916670799255,0.8341352939605713,0.0012711279559880495
489,0.9206158518791199,0.850578248500824,0.0014007524587213993
490,0.9138230085372925,0.831822395324707,0.0016400120221078396
491,0.9133627414703369,0.8396927118301392,0.0014733999269083142
492,0.9078934192657471,0.819440484046936,0.0017690587555989623
493,0.9299081563949585,0.8347612619400024,0.0019029376562684774
494,0.9258073568344116,0.8455182313919067,0.001605782425031066
495,0.9374420642852783,0.8476659059524536,0.0017955228686332703
496,0.9263884425163269,0.8392876982688904,0.0017420152435079217
497,0.9160382747650146,0.8428757190704346,0.0014632516540586948
498,0.9045093655586243,0.8162550330162048,0.0017650866648182273
499,0.8992168307304382,0.8336222171783447,0.0013118922943249345
500,0.8967794179916382,0.8244686722755432,0.0014462153194472194
501,0.8996142148971558,0.8197663426399231,0.0015969573287293315
502,0.918860673904419,0.8498117923736572,0.0013809772208333015
503,0.9008906483650208,0.8303393125534058,0.0014110268093645573
504,0.9080997705459595,0.8438414335250854,0.0012851667124778032
505,0.9133227467536926,0.8397843837738037,0.0014707669615745544
506,0.9050931334495544,0.8409260511398315,0.001283341902308166
507,0.9125990271568298,0.8339204788208008,0.0015735712368041277
508,0.9142491817474365,0.8353589773178101,0.001577803515829146
509,0.9151859879493713,0.8516108989715576,0.0012715014163404703
510,0.925142765045166,0.8429401516914368,0.0016440529143437743
511,0.8965553045272827,0.8290756940841675,0.0013495924649760127
512,0.9351487755775452,0.8401118516921997,0.0019007388036698103
513,0.9315664768218994,0.8408826589584351,0.0018136762082576752
514,0.9495394229888916,0.8447383642196655,0.002096021082252264
515,0.9286339282989502,0.8400395512580872,0.0017718870658427477
516,0.9286751747131348,0.837018609046936,0.0018331308383494616
517,0.9100319743156433,0.8226261138916016,0.0017481169197708368
518,0.9259420037269592,0.8421637415885925,0.0016755657270550728
519,0.9224020838737488,0.8096144199371338,0.0022557531483471394
520,0.9065961241722107,0.8218575119972229,0.0016947718104347587
521,0.9276001453399658,0.8478171229362488,0.0015956599963828921
522,0.9347929954528809,0.8481179475784302,0.001733501092530787
523,0.9053477644920349,0.8125534057617188,0.0018558874726295471
524,0.9266939163208008,0.809272289276123,0.002348432084545493
525,0.9049884080886841,0.8151184320449829,0.001797399134375155
526,0.8880362510681152,0.813754677772522,0.0014856314519420266
527,0.9022390842437744,0.816796064376831,0.0017088607419282198
528,0.9226404428482056,0.8251098990440369,0.0019506108947098255
529,0.8985300064086914,0.8154116868972778,0.001662366557866335
530,0.9119071960449219,0.8352217674255371,0.0015337086515501142
531,0.889423131942749,0.8281110525131226,0.0012262420495972037
532,0.902431070804596,0.829573392868042,0.0014571540523320436
533,0.882308840751648,0.8218196034431458,0.0012097845319658518
534,0.87615567445755,0.817312479019165,0.001176864025183022
535,0.8620166778564453,0.8077366352081299,0.0010856003500521183
536,0.8923957943916321,0.809153139591217,0.0016648531891405582
537,0.8666706681251526,0.8038126826286316,0.0012571602128446102
538,0.8954517841339111,0.8017484545707703,0.0018740667728707194
539,0.9007440209388733,0.816247820854187,0.001689924276433885
540,0.8831735253334045,0.8026171922683716,0.0016111264703795314
541,0.9031287431716919,0.8241795897483826,0.0015789836179465055
542,0.910664439201355,0.8168217539787292,0.0018768542213365436
543,0.9052543044090271,0.8077831864356995,0.0019494221778586507
544,0.9024246335029602,0.8239446878433228,0.0015695984475314617
545,0.9157042503356934,0.8155663013458252,0.0020027586724609137
546,0.9061430096626282,0.8163676261901855,0.0017955073853954673
547,0.9211634397506714,0.8326928615570068,0.0017694118432700634
548,0.8874030113220215,0.8153956532478333,0.0014401470543816686
549,0.8938711285591125,0.8057736158370972,0.0017619497375562787
550,0.8969013094902039,0.811259925365448,0.0017128272447735071
551,0.8917244076728821,0.803226113319397,0.0017699656309559941
552,0.9074291586875916,0.8326727151870728,0.0014951290795579553
553,0.9078897833824158,0.8175278902053833,0.0018072376260533929
554,0.9000054001808167,0.8132693767547607,0.001734719960950315
555,0.9017289280891418,0.8145382404327393,0.001743813743814826
556,0.8913887739181519,0.81083744764328,0.0016110269352793694
557,0.9170429110527039,0.8299849033355713,0.0017411601729691029
558,0.9150515794754028,0.8241039514541626,0.00181895203422755
559,0.9292523860931396,0.8288752436637878,0.0020075433421880007
560,0.904761016368866,0.8196309208869934,0.0017026022542268038
561,0.8769323825836182,0.8053266406059265,0.0014321154449135065
562,0.8911160230636597,0.8162685632705688,0.001496949465945363
563,0.8914214968681335,0.8168304562568665,0.0014918209053575993
564,0.9351017475128174,0.8416698575019836,0.0018686377443373203
565,0.9060744047164917,0.8253295421600342,0.0016148976283147931
566,0.9025152921676636,0.821136474609375,0.0016275765374302864
567,0.9166067242622375,0.8262854218482971,0.001806426327675581
568,0.9170629382133484,0.8253176808357239,0.0018349054735153913
569,0.8807202577590942,0.802759051322937,0.001559223746880889
570,0.8890243768692017,0.7921310067176819,0.0019378678407520056
571,0.9129080176353455,0.8188681602478027,0.0018807973247021437
572,0.9032138586044312,0.811825156211853,0.0018277743365615606
573,0.9117308855056763,0.7974451184272766,0.0022857156582176685
574,0.8799566030502319,0.8100795745849609,0.0013975407928228378
575,0.8810365200042725,0.7846472263336182,0.0019277865067124367
576,0.9291553497314453,0.7928445339202881,0.0027262168005108833
577,0.9149030447006226,0.8099033832550049,0.0020999929402023554
578,0.9220978021621704,0.8022038340568542,0.002397879958152771
579,0.9551739692687988,0.8064773082733154,0.002973932772874832
580,0.9131100177764893,0.8111539483070374,0.002039121463894844
581,0.8898571133613586,0.784839928150177,0.0021003440488129854
582,0.9070243239402771,0.8129851222038269,0.0018807840533554554
583,0.9191731810569763,0.8220911026000977,0.0019416415598243475
584,0.9156652688980103,0.8122012615203857,0.0020692802499979734
585,0.9386844635009766,0.8151719570159912,0.002470249542966485
586,0.923563539981842,0.8183944225311279,0.0021033822558820248
587,0.9187684059143066,0.8211840391159058,0.00195168680511415
588,0.9254194498062134,0.8159075975418091,0.002190236933529377
589,0.9230116605758667,0.8274261951446533,0.001911708852276206
590,0.8996962904930115,0.805174708366394,0.001890431740321219
591,0.9334986209869385,0.8215909004211426,0.0022381548769772053
592,0.8893436789512634,0.7979691028594971,0.0018274914473295212
593,0.8853197693824768,0.8035762906074524,0.0016348699573427439
594,0.8956611156463623,0.8099616765975952,0.0017139894189313054
595,0.8758352994918823,0.8048080205917358,0.0014205453917384148
596,0.8725012540817261,0.8134906888008118,0.00118021119851619
597,0.8624436259269714,0.7923012971878052,0.001402846071869135
598,0.8675687313079834,0.7967089414596558,0.0014171955408528447
599,0.8835061192512512,0.7996373176574707,0.0016773756360635161
600,0.8839298486709595,0.7959068417549133,0.001760460319928825
601,0.8955294489860535,0.8108515739440918,0.001693557482212782
602,0.8684160113334656,0.8040769100189209,0.0012867822078987956
603,0.8849628567695618,0.8019564747810364,0.0016601274255663157
604,0.8795701861381531,0.7849248051643372,0.0018929074285551906
605,0.8683096170425415,0.7930969595909119,0.0015042528975754976
606,0.8824073076248169,0.8035604953765869,0.0015769365709275007
607,0.8612489700317383,0.7782191038131714,0.0016605972778052092
608,0.8529003858566284,0.8005070686340332,0.0010478668846189976
609,0.8707751631736755,0.7898871898651123,0.0016177590005099773
610,0.874434232711792,0.7887967824935913,0.001712749246507883
611,0.852453887462616,0.7805235385894775,0.0014386066468432546
612,0.8941214680671692,0.8005636930465698,0.0018711553420871496
613,0.8533419966697693,0.7697082757949829,0.0016726739704608917
614,0.8742067813873291,0.7635979056358337,0.002212177962064743
615,0.8839306831359863,0.7961742877960205,0.0017551277996972203
616,0.8880521655082703,0.7919191122055054,0.0019226615549996495
617,0.8551745414733887,0.7825233340263367,0.0014530244516208768
618,0.8750419020652771,0.7691061496734619,0.0021187146194279194
619,0.8974868059158325,0.7879728078842163,0.002190280007198453
620,0.8599961400032043,0.7756415605545044,0.0016870915424078703
621,0.889683187007904,0.7855737209320068,0.002082189777866006
622,0.8812127113342285,0.7721480131149292,0.002181293908506632
623,0.8507581949234009,0.758535623550415,0.0018444516463205218
624,0.8600717186927795,0.7684394121170044,0.0018326456192880869
625,0.8571678996086121,0.7660238146781921,0.0018228820990771055
626,0.8643305897712708,0.7656682133674622,0.0019732476212084293
627,0.8895718455314636,0.7775434851646423,0.0022405674681067467
628,0.8882998824119568,0.7472046613693237,0.0028219048399478197
629,0.909105122089386,0.758484959602356,0.0030124029144644737
630,0.9267174601554871,0.7820359468460083,0.0028936301823705435
631,0.887309193611145,0.7934074401855469,0.0018780354876071215
632,0.8530688881874084,0.7706924080848694,0.0016475293086841702
633,0.9193252325057983,0.7902829647064209,0.0025808450300246477
634,0.930698037147522,0.7993332743644714,0.0026272956747561693
635,0.9361348152160645,0.7901137471199036,0.0029204210732132196
636,0.9069101810455322,0.7930847406387329,0.002276509301736951
637,0.8868669271469116,0.7835696935653687,0.0020659449510276318
638,0.9059745073318481,0.8062365055084229,0.0019947602413594723
639,0.8570317029953003,0.7681059837341309,0.0017785137752071023
640,0.8823039531707764,0.7686118483543396,0.002273842226713896
641,0.8538639545440674,0.7697889804840088,0.0016814997652545571
642,0.8848856687545776,0.7790449857711792,0.0021168142557144165
643,0.8733311891555786,0.7731443643569946,0.0020037367939949036
644,0.9070342779159546,0.7802597284317017,0.002535491017624736
645,0.8609894514083862,0.753339409828186,0.002153001492843032
646,0.8458592295646667,0.7578437328338623,0.0017603097949177027
647,0.8800930976867676,0.7852179408073425,0.0018975030397996306
648,0.8616435527801514,0.7734894752502441,0.0017630819929763675
649,0.8407092690467834,0.7625998258590698,0.0015621886122971773
650,0.8346347212791443,0.7362834811210632,0.001967024989426136
651,0.8473097681999207,0.7544820308685303,0.0018565549980849028
652,0.8587813973426819,0.7570308446884155,0.002035010838881135
653,0.8555231690406799,0.7498483657836914,0.002113496186211705
654,0.8786963224411011,0.7660913467407227,0.0022520998027175665
655,0.8389478325843811,0.7527580261230469,0.00172379647847265
656,0.8725605607032776,0.7567852735519409,0.00231550564058125
657,0.8434020280838013,0.762311577796936,0.0016218083910644054
658,0.8159380555152893,0.7264031171798706,0.001790698617696762
659,0.8223564624786377,0.7358208894729614,0.0017307121306657791
660,0.8241322636604309,0.7344968318939209,0.0017927091103047132
661,0.8387758135795593,0.7341777086257935,0.0020919626113027334
662,0.8505756855010986,0.7210948467254639,0.0025896169245243073
663,0.8656218647956848,0.7492960691452026,0.002326515968888998
664,0.8398215770721436,0.7526669502258301,0.0017430931329727173
665,0.8334200382232666,0.7527630925178528,0.0016131391748785973
666,0.8153163194656372,0.7296311855316162,0.0017137022223323584
667,0.8626152276992798,0.7097949981689453,0.0030564044136554003
668,0.8403720259666443,0.7335892915725708,0.0021356544457376003
669,0.8379889726638794,0.7439256310462952,0.0018812668276950717
670,0.822830319404602,0.720751166343689,0.0020415836479514837
671,0.80287766456604,0.7191022634506226,0.0016755082178860903
672,0.8983006477355957,0.7640652656555176,0.0026847077533602715
673,0.8541048765182495,0.7240734100341797,0.0026006288826465607
674,0.8600573539733887,0.7156633138656616,0.002887881128117442
675,0.8601383566856384,0.7092424631118774,0.0030179182067513466
676,0.8411357402801514,0.71996009349823,0.002423512749373913
677,0.857170820236206,0.7349355220794678,0.00244470639154315
678,0.8679907917976379,0.7485199570655823,0.0023894167970865965
679,0.8927958607673645,0.738398551940918,0.0030879464466124773
680,0.9003456830978394,0.7389997243881226,0.00322691909968853
681,0.8760859370231628,0.7492420673370361,0.0025368775241076946
682,0.8448129296302795,0.7294092178344727,0.0023080743849277496
683,0.923284113407135,0.7443503141403198,0.003578676376491785
684,0.8728178143501282,0.7398039102554321,0.002660278230905533
685,0.8436883687973022,0.7387251853942871,0.002099263248965144
686,0.8650375604629517,0.7452101707458496,0.0023965483997017145
687,0.8099536299705505,0.7162325978279114,0.0018744207918643951
688,0.8097614645957947,0.7153925895690918,0.0018873779335990548
689,0.8668848276138306,0.7440875172615051,0.002455945825204253
690,0.8426588177680969,0.7286080121994019,0.0022810157388448715
691,0.8887446522712708,0.7306762337684631,0.003161368425935507
692,0.8271415829658508,0.7231265902519226,0.0020802998915314674
693,0.8449041843414307,0.7278851270675659,0.0023403805680572987
694,0.8281959891319275,0.7394436597824097,0.001775046344846487
695,0.8305533528327942,0.7309069037437439,0.0019929292611777782
696,0.8142315149307251,0.719225287437439,0.0019001245964318514
697,0.8429233431816101,0.7364823222160339,0.0021288206335157156
698,0.8104829788208008,0.7184146642684937,0.0018413658253848553
699,0.811964213848114,0.7349976301193237,0.001539331511594355
700,0.8473183512687683,0.7451024055480957,0.002044319175183773
701,0.8622850775718689,0.749805212020874,0.0022495973389595747
702,0.8291240930557251,0.7275406122207642,0.0020316699519753456
703,0.8272896409034729,0.7364341020584106,0.0018171106930822134
704,0.8056936264038086,0.7296347618103027,0.0015211773570626974
705,0.8224877119064331,0.7491005063056946,0.0014677438884973526
706,0.8078699111938477,0.7178283929824829,0.0018008304759860039
707,0.804938793182373,0.7239469885826111,0.0016198360826820135
708,0.8146476149559021,0.7109825611114502,0.0020733014680445194
709,0.8182313442230225,0.703335702419281,0.0022979131899774075
710,0.8387495875358582,0.7318679094314575,0.002137633739039302
711,0.8501759767532349,0.728550910949707,0.0024325011763721704
712,0.8424016237258911,0.7305504679679871,0.00223702285438776
713,0.8251760601997375,0.7033753395080566,0.0024360145907849073
714,0.8419023752212524,0.7194589376449585,0.002448868239298463
715,0.8001842498779297,0.7110806703567505,0.0017820718931034207
716,0.903896689414978,0.7188435792922974,0.0037010619416832924
717,0.9287762641906738,0.7460493445396423,0.0036545381881296635
718,0.8247801065444946,0.7285805940628052,0.001923989737406373
719,0.8223283290863037,0.72884202003479,0.0018697264604270458
720,0.822195827960968,0.7030243277549744,0.002383429789915681
721,0.8169355392456055,0.728623628616333,0.001766238478012383
722,0.82186359167099,0.7127659916877747,0.002181951655074954
723,0.8189135789871216,0.7072902321815491,0.002232466358691454
724,0.8284686207771301,0.7231836915016174,0.0021056989207863808
725,0.816877007484436,0.7270532250404358,0.00179647549521178
726,0.843616783618927,0.7440488338470459,0.00199135928414762
727,0.814694881439209,0.7115783095359802,0.00206233118660748
728,0.7971726059913635,0.7260140776634216,0.0014231700915843248
729,0.8241697549819946,0.7168920040130615,0.002145555568858981
730,0.8191582560539246,0.7116266489028931,0.002150631742551923
731,0.8182886838912964,0.7189332246780396,0.0019871096592396498
732,0.8139857053756714,0.7151919603347778,0.0019758744165301323
733,0.8367205262184143,0.7229374647140503,0.002275660866871476
734,0.8044685125350952,0.7039273381233215,0.0020108232274651527
735,0.8193398714065552,0.7436872720718384,0.001513052498921752
736,0.8003407120704651,0.6992380619049072,0.002022052649408579
737,0.8084515929222107,0.7191440463066101,0.001786150736734271
738,0.7922712564468384,0.7091225981712341,0.0016629730816930532
739,0.8046646118164062,0.7044059634208679,0.0020051724277436733
740,0.7863469123840332,0.700717568397522,0.0017125874292105436
741,0.8131008148193359,0.7111842036247253,0.0020383321680128574
742,0.8267915844917297,0.7201810479164124,0.0021322108805179596
743,0.8210229277610779,0.6946763396263123,0.0025269314646720886
744,0.8270466327667236,0.7072204351425171,0.0023965241853147745
745,0.8347833156585693,0.7169064283370972,0.002357537392526865
746,0.8133282661437988,0.7105876207351685,0.0020548133179545403
747,0.8073373436927795,0.7076024413108826,0.001994698541238904
748,0.8459717035293579,0.7111803293228149,0.002695827279239893
749,0.804052472114563,0.7088556885719299,0.0019039362668991089
750,0.8143766522407532,0.7183648347854614,0.0019202363910153508
751,0.8046550750732422,0.7227715253829956,0.0016376705607399344
752,0.7911854386329651,0.7138762474060059,0.0015461838338524103
753,0.828551709651947,0.7169029712677002,0.002232974860817194
754,0.8097417950630188,0.6803747415542603,0.0025873410049825907
755,0.7951651811599731,0.67842698097229,0.00233476422727108
756,0.7812474966049194,0.7066837549209595,0.0014912742190063
757,0.7803503274917603,0.6855586767196655,0.001895833294838667
758,0.8181934952735901,0.6982923746109009,0.002398022683337331
759,0.826113224029541,0.7045785188674927,0.0024306937120854855
760,0.8085612654685974,0.7090133428573608,0.0019909583497792482
761,0.8199033141136169,0.7194617390632629,0.002008831361308694
762,0.8435261249542236,0.7368103265762329,0.002134315436705947
763,0.7774934768676758,0.6828228235244751,0.0018934125546365976
764,0.7866358757019043,0.688713550567627,0.00195844704285264
765,0.789184033870697,0.7051390409469604,0.001680899877101183
766,0.8199378252029419,0.736598551273346,0.0016667848685756326
767,0.8149580955505371,0.7097451686859131,0.002104258630424738
768,0.8005820512771606,0.7043002843856812,0.0019256356172263622
769,0.7949306964874268,0.695723831653595,0.001984137110412121
770,0.8022571206092834,0.6904036998748779,0.0022370684891939163
771,0.7880690693855286,0.6906445622444153,0.0019484906224533916
772,0.7849119305610657,0.688841700553894,0.0019214042695239186
773,0.7967472076416016,0.7100491523742676,0.0017339608166366816
774,0.788883626461029,0.7166801691055298,0.0014440693194046617
775,0.7866592407226562,0.7103462219238281,0.0015262599335983396
776,0.7816932797431946,0.7029925584793091,0.0015740146627649665
777,0.7779880166053772,0.7011337876319885,0.0015370841138064861
778,0.7727223038673401,0.694061815738678,0.0015732096508145332
779,0.7771564722061157,0.684396505355835,0.0018551988760009408
780,0.7984203100204468,0.7079564929008484,0.0018092766404151917
781,0.8061756491661072,0.7021456956863403,0.002080598846077919
782,0.7558104991912842,0.6622596979141235,0.0018710156437009573
783,0.7663232684135437,0.6803239583969116,0.0017199862049892545
784,0.737316370010376,0.6586986780166626,0.0015723539981991053
785,0.7893198728561401,0.6617662310600281,0.0025510722771286964
786,0.7653525471687317,0.656448483467102,0.0021780808456242085
787,0.78150874376297,0.6903913617134094,0.0018223478691652417
788,0.7971594929695129,0.6753749847412109,0.0024356902576982975
789,0.7828834056854248,0.6778073310852051,0.0021015212405472994
790,0.737402081489563,0.6644806861877441,0.001458427868783474
791,0.7959444522857666,0.6985966563224792,0.0019469554536044598
792,0.7776808738708496,0.6713321208953857,0.0021269754506647587
793,0.7605696320533752,0.6692780256271362,0.0018258322961628437
794,0.781126081943512,0.6753722429275513,0.0021150768734514713
795,0.7754406929016113,0.6970507502555847,0.001567798899486661
796,0.813123881816864,0.7279177904129028,0.0017041221726685762
797,0.762831449508667,0.6796693801879883,0.0016632408369332552
798,0.7308138608932495,0.6691401600837708,0.0012334742350503802
799,0.7464874982833862,0.6753925085067749,0.0014218997675925493
800,0.7661486864089966,0.6813899278640747,0.0016951746074482799
801,0.758385181427002,0.6783658266067505,0.0016003872733563185
802,0.7913777828216553,0.6805621385574341,0.0022163125686347485
803,0.8090097904205322,0.6742291450500488,0.0026956130750477314
804,0.7930367588996887,0.6935203075408936,0.0019903285428881645
805,0.7359338402748108,0.6662054061889648,0.0013945682439953089
806,0.7602856159210205,0.6768837571144104,0.0016680369153618813
807,0.7898114323616028,0.6865459680557251,0.0020653093233704567
808,0.7490395903587341,0.6617757081985474,0.0017452780157327652
809,0.7489311099052429,0.6611025929450989,0.0017565707676112652
810,0.7795857191085815,0.6731192469596863,0.0021293298341333866
811,0.7823618650436401,0.6879580020904541,0.0018880772404372692
812,0.7664670348167419,0.6817082166671753,0.0016951761208474636
813,0.778904378414154,0.6911507248878479,0.0017550729680806398
814,0.7751982808113098,0.6665018200874329,0.0021739290095865726
815,0.7497431635856628,0.6625296473503113,0.001744269859045744
816,0.8010955452919006,0.6869414448738098,0.0022830821108072996
817,0.7364867329597473,0.662085771560669,0.0014880194794386625
818,0.7648559808731079,0.67035311460495,0.0018900571158155799
819,0.7538537383079529,0.661788284778595,0.001841309480369091
820,0.7845817804336548,0.6758942008018494,0.0021737515926361084
821,0.7772564888000488,0.6948263049125671,0.001648603123612702
822,0.765169620513916,0.6830770373344421,0.0016418516170233488
823,0.7763271927833557,0.6559669971466064,0.002407204359769821
824,0.7286267280578613,0.6528545618057251,0.0015154433203861117
825,0.7869004607200623,0.7015114426612854,0.0017077799420803785
826,0.7862641215324402,0.6830136775970459,0.002065008506178856
827,0.7602030038833618,0.6566358804702759,0.002071342896670103
828,0.7330793738365173,0.6511229872703552,0.0016391277313232422
829,0.7027174234390259,0.640478253364563,0.001244783983565867
830,0.7425179481506348,0.6405212879180908,0.002039932645857334
831,0.7302020788192749,0.6639469861984253,0.001325102406553924
832,0.7068988084793091,0.6501506567001343,0.001134962891228497
833,0.7665971517562866,0.6534955501556396,0.002262032125145197
834,0.7253611087799072,0.6290035247802734,0.0019271520432084799
835,0.72649085521698,0.6578558683395386,0.0013726996257901192
836,0.7358468770980835,0.6512158513069153,0.0016926205717027187
837,0.7243796586990356,0.6571820974349976,0.001343950629234314
838,0.7378343343734741,0.6493400931358337,0.001769884256646037
839,0.7422752976417542,0.6577939391136169,0.0016896267188712955
840,0.706145167350769,0.6305927634239197,0.0015110480599105358
841,0.7490625977516174,0.6565582752227783,0.0018500861478969455
842,0.7355703711509705,0.6665058135986328,0.001381291658617556
843,0.7499675750732422,0.6643000841140747,0.001713349367491901
844,0.6827337145805359,0.6074191331863403,0.0015062920283526182
845,0.6999285221099854,0.642498254776001,0.00114860525354743
846,0.7463343739509583,0.6713195443153381,0.0015002971049398184
847,0.7019307613372803,0.6346436738967896,0.0013457422610372305
848,0.7722611427307129,0.6530882716178894,0.0023834570311009884
849,0.768371045589447,0.6442364454269409,0.002482692012563348
850,0.750823438167572,0.6521703600883484,0.00197306158952415
851,0.7615464925765991,0.6452580690383911,0.0023257690481841564
852,0.7873803377151489,0.653969407081604,0.0026682179886847734
853,0.7274274230003357,0.6085952520370483,0.0023766430094838142
854,0.7266380786895752,0.6443498134613037,0.0016457651508972049
855,0.7221481204032898,0.6296499967575073,0.001849962049163878
856,0.7651958465576172,0.6490050554275513,0.0023238162975758314
857,0.7564935088157654,0.6665367484092712,0.0017991357017308474
858,0.738743245601654,0.6545259356498718,0.001684346585534513
859,0.7898465991020203,0.660587728023529,0.0025851773098111153
860,0.7244444489479065,0.6686609983444214,0.0011156690306961536
861,0.7497192025184631,0.6594035029411316,0.0018063138704746962
862,0.773777961730957,0.6446371078491211,0.0025828173384070396
863,0.686646044254303,0.6054430603981018,0.001624059397727251
864,0.7203530669212341,0.6436958312988281,0.0015331448521465063
865,0.7244073748588562,0.6281100511550903,0.0019259466789662838
866,0.7358614206314087,0.6436814069747925,0.0018435996025800705
867,0.7084085941314697,0.6555601358413696,0.001056969165802002
868,0.7182494401931763,0.6321588754653931,0.001721811480820179
869,0.710008442401886,0.623886227607727,0.0017224447801709175
870,0.7053442001342773,0.6175519227981567,0.001755845034494996
871,0.7254781723022461,0.65801602602005,0.0013492428697645664
872,0.7382818460464478,0.6537792086601257,0.0016900533810257912
873,0.7169411778450012,0.6201654672622681,0.0019355143886059523
874,0.7427380084991455,0.6445140838623047,0.0019644780550152063
875,0.749562680721283,0.6431589722633362,0.0021280746441334486
876,0.7276013493537903,0.628966748714447,0.001972691621631384
877,0.7142437696456909,0.6317720413208008,0.001649434445425868
878,0.7530526518821716,0.6314345598220825,0.0024323617108166218
879,0.7580010890960693,0.6296207904815674,0.0025676065124571323
880,0.7686562538146973,0.6646922826766968,0.002079279161989689
881,0.7332531213760376,0.657663106918335,0.0015117998700588942
882,0.7080742120742798,0.620489239692688,0.0017516989028081298
883,0.7335175275802612,0.65215003490448,0.0016273502260446548
884,0.7701430320739746,0.6819541454315186,0.0017637776909396052
885,0.7774413228034973,0.658882737159729,0.0023711719550192356
886,0.7413893938064575,0.6275626420974731,0.0022765351459383965
887,0.7480942606925964,0.6398597955703735,0.002164689591154456
888,0.730888843536377,0.6417437791824341,0.0017829006537795067
889,0.7404487133026123,0.6334100365638733,0.0021407734602689743
890,0.7611132264137268,0.6311739087104797,0.0025987867265939713
891,0.7265885472297668,0.6396136283874512,0.0017394979950040579
892,0.750126838684082,0.6471779346466064,0.002058978658169508
893,0.7960281372070312,0.6734970808029175,0.002450620988383889
894,0.7726759314537048,0.6564620733261108,0.0023242775350809097
895,0.729559600353241,0.6447281241416931,0.0016966297989711165
896,0.7167819738388062,0.6406360864639282,0.0015229174168780446
897,0.7775489687919617,0.6843149662017822,0.0018646800890564919
898,0.7276964783668518,0.661789059638977,0.0013181485701352358
899,0.7700595855712891,0.665587842464447,0.002089435001835227
900,0.7402048110961914,0.6542176008224487,0.0017197439447045326
901,0.7193030714988708,0.6326338648796082,0.0017333843279629946
902,0.7758309841156006,0.6758103370666504,0.0020004124380648136
903,0.7043240070343018,0.641231119632721,0.001261857571080327
904,0.7222490906715393,0.6378008723258972,0.0016889646649360657
905,0.7225726246833801,0.6455358862876892,0.0015407350147143006
906,0.7249125242233276,0.6283774375915527,0.0019307021284475923
907,0.7054818272590637,0.6425477862358093,0.0012586804805323482
908,0.7580718994140625,0.6527105569839478,0.00210722628980875
909,0.7530803680419922,0.660130500793457,0.0018589968094602227
910,0.734207272529602,0.6213604211807251,0.0022569375578314066
911,0.7547431588172913,0.6648590564727783,0.0017976817907765508
912,0.7185414433479309,0.6092259883880615,0.002186308614909649
913,0.8030588030815125,0.6430587768554688,0.003200000384822488
914,0.728217601776123,0.6245485544204712,0.0020733806304633617
915,0.7334251999855042,0.6474981307983398,0.001718541025184095
916,0.6787533760070801,0.5896986722946167,0.0017810947028920054
917,0.7192728519439697,0.6399203538894653,0.0015870498027652502
918,0.6728379726409912,0.5967845916748047,0.0015210681594908237
919,0.7519187927246094,0.640106201171875,0.0022362512536346912
920,0.7308354377746582,0.6356916427612305,0.0019028752576559782
921,0.7074875235557556,0.6048929691314697,0.002051891293376684
922,0.718837320804596,0.6196303367614746,0.0019841399043798447
923,0.7602264285087585,0.6267575621604919,0.0026693770196288824
924,0.7369231581687927,0.6352989077568054,0.0020324853248894215
925,0.7068555355072021,0.6325045824050903,0.0014870190061628819
926,0.7405229806900024,0.6430485844612122,0.0019494876032695174
927,0.7337037920951843,0.6452033519744873,0.0017700090538710356
928,0.7208124995231628,0.6403594017028809,0.0016090618446469307
929,0.7064049243927002,0.615509569644928,0.001817907439544797
930,0.6808950304985046,0.6049681305885315,0.0015185378724709153
931,0.7197354435920715,0.6298032999038696,0.0017986426828429103
932,0.7014909982681274,0.6239701509475708,0.0015504173934459686
933,0.705389678478241,0.6278805732727051,0.001550181768834591
934,0.7195753455162048,0.6170772314071655,0.0020499620586633682
935,0.7325302958488464,0.626710057258606,0.002116404939442873
936,0.7424253225326538,0.6481760144233704,0.0018849857151508331
937,0.725513219833374,0.6417316794395447,0.0016756305703893304
938,0.7183797955513,0.6521972417831421,0.0013236511731520295
939,0.702834963798523,0.640667736530304,0.001243344391696155
940,0.7215111255645752,0.6269440054893494,0.001891342573799193
941,0.694854199886322,0.6130586266517639,0.001635911874473095
942,0.7650291323661804,0.6422961354255676,0.00245466036722064
943,0.7107948064804077,0.634579062461853,0.0015243145171552896
944,0.7006633281707764,0.6296285390853882,0.0014206962659955025
945,0.7322758436203003,0.6404199004173279,0.0018371192272752523
946,0.7458063364028931,0.6153021454811096,0.002610084367915988
947,0.7644169330596924,0.617256760597229,0.0029432037845253944
948,0.7236183881759644,0.6290704011917114,0.0018909594509750605
949,0.7280646562576294,0.6177825927734375,0.0022056414745748043
950,0.7614810466766357,0.6244763731956482,0.0027400939725339413
951,0.7141503691673279,0.6174303293228149,0.0019344012252986431
952,0.6877904534339905,0.6053993701934814,0.001647822093218565
953,0.7571463584899902,0.6554500460624695,0.0020339256152510643
954,0.7404664158821106,0.6246859431266785,0.002315609948709607
955,0.7601696252822876,0.6294535398483276,0.0026143218856304884
956,0.7363103032112122,0.6381059288978577,0.001964087598025799
957,0.7122389078140259,0.6055877208709717,0.0021330234594643116
958,0.7088143229484558,0.6189654469490051,0.0017969779437407851
959,0.7096748352050781,0.6212755441665649,0.0017679857555776834
960,0.723712146282196,0.6370449662208557,0.0017333433497697115
961,0.6967720985412598,0.6167513132095337,0.0016004156786948442
962,0.7195703983306885,0.6203100681304932,0.0019852060358971357
963,0.7118703722953796,0.6357172727584839,0.0015230621211230755
964,0.7009957432746887,0.6321951150894165,0.0013760124566033483
965,0.7140479683876038,0.6332947611808777,0.0016150637529790401
966,0.6858977675437927,0.6016711592674255,0.0016845325008034706
967,0.6541409492492676,0.567108154296875,0.0017406560946255922
968,0.681492805480957,0.612848699092865,0.0013728821650147438
969,0.6888790130615234,0.6061347723007202,0.0016548846615478396
970,0.7218062877655029,0.6074267625808716,0.002287590876221657
971,0.6877866387367249,0.5984216928482056,0.0017872988246381283
972,0.6929036974906921,0.6184452176094055,0.0014891691971570253
973,0.692254364490509,0.6005202531814575,0.0018346821889281273
974,0.6949546933174133,0.5903563499450684,0.002091967035084963
975,0.7381378412246704,0.6101399660110474,0.002559957094490528
976,0.7309543490409851,0.596394419670105,0.0026911983732134104
977,0.7158763408660889,0.6000233292579651,0.002317060250788927
978,0.7148321270942688,0.6083836555480957,0.0021289691794663668
979,0.7391375303268433,0.6031366586685181,0.002720016986131668
980,0.7108367681503296,0.6189069747924805,0.0018385957228019834
981,0.6906579732894897,0.6178652048110962,0.0014558552065864205
982,0.7008174657821655,0.6163547039031982,0.001689255703240633
983,0.6876684427261353,0.5937663316726685,0.0018780428217723966
984,0.6975285410881042,0.6025425791740417,0.0018997190054506063
985,0.6602129936218262,0.5676290392875671,0.0018516784766688943
986,0.6574071645736694,0.5731044411659241,0.001686053816229105
987,0.6890455484390259,0.6107766628265381,0.0015653773443773389
988,0.6653330326080322,0.5798616409301758,0.0017094274517148733
989,0.6999622583389282,0.584254801273346,0.0023141494020819664
990,0.6984602212905884,0.5993331670761108,0.001982541289180517
991,0.6683447360992432,0.596967875957489,0.0014275368303060532
992,0.6813344955444336,0.5726332664489746,0.0021740251686424017
993,0.6969962120056152,0.5877833962440491,0.0021842564456164837
994,0.6808220744132996,0.5838416218757629,0.0019396088318899274
995,0.6621516942977905,0.572719395160675,0.0017886462155729532
996,0.6869558095932007,0.5692054033279419,0.0023550086189061403
997,0.7360603213310242,0.5878239870071411,0.0029647271148860455
998,0.6507815718650818,0.5611340999603271,0.0017929496243596077
999,0.756644070148468,0.6136109828948975,0.0028606613632291555
1000,0.7615967988967896,0.6064403057098389,0.003103130031377077
1001,0.7085270881652832,0.5941407680511475,0.0022877268493175507
1002,0.6835267543792725,0.5916567444801331,0.0018374002538621426
1003,0.7109440565109253,0.6158641576766968,0.001901597948744893
1004,0.6991933584213257,0.6148991584777832,0.0016858844319358468
1005,0.6482890844345093,0.5769478678703308,0.0014268243685364723
1006,0.6873593926429749,0.6100472211837769,0.001546243205666542
1007,0.7535668611526489,0.6223005056381226,0.0026253266260027885
1008,0.6809265613555908,0.571757972240448,0.0021833712235093117
1009,0.7046060562133789,0.5900279879570007,0.00229156157001853
1010,0.687597393989563,0.5668821930885315,0.0024143042974174023
1011,0.6732338666915894,0.5609011650085449,0.002246654126793146
1012,0.7091135382652283,0.5995718836784363,0.002190832979977131
1013,0.6814433932304382,0.5948827862739563,0.0017312122508883476
1014,0.6794557571411133,0.6092427968978882,0.001404258655384183
1015,0.698232889175415,0.6074600219726562,0.0018154572462663054
1016,0.6902774572372437,0.5828602910041809,0.002148343250155449
1017,0.6740219593048096,0.5714631080627441,0.002051176503300667
1018,0.7227391004562378,0.608788251876831,0.0022790164221078157
1019,0.6713196039199829,0.5686611533164978,0.002053169533610344
1020,0.6854714155197144,0.5857344269752502,0.0019947392866015434
1021,0.6812839508056641,0.5874853134155273,0.0018759724916890264
1022,0.6453384160995483,0.5586906671524048,0.0017329551046714187
1023,0.6595337390899658,0.5782217383384705,0.0016262397402897477
1024,0.6658371090888977,0.5585157871246338,0.0021464265882968903
1025,0.7039024829864502,0.5773626565933228,0.002530796453356743
1026,0.7207224369049072,0.5817948579788208,0.0027785508427768946
1027,0.7055448293685913,0.5525446534156799,0.0030600042082369328
1028,0.7083763480186462,0.5938234329223633,0.0022910579573363066
1029,0.655950129032135,0.544190526008606,0.00223519210703671
1030,0.7143756151199341,0.576184868812561,0.002763814525678754
1031,0.6956164240837097,0.5953303575515747,0.0020057212095707655
1032,0.7190431356430054,0.6061662435531616,0.00225753802806139
1033,0.7077411413192749,0.578799843788147,0.0025788266211748123
1034,0.6836104989051819,0.5776584148406982,0.0021190419793128967
1035,0.7026558518409729,0.5958436727523804,0.002136243972927332
1036,0.6853948831558228,0.6075835227966309,0.00155622698366642
1037,0.739616870880127,0.5879611372947693,0.00303311413154006
1038,0.6688711047172546,0.5794140100479126,0.001789142144843936
1039,0.6609095335006714,0.5960795879364014,0.0012965991627424955
1040,0.6596013307571411,0.5594083070755005,0.0020038606598973274
1041,0.6750484108924866,0.5758709907531738,0.00198354828171432
1042,0.6756280660629272,0.5713855028152466,0.0020848510321229696
1043,0.6854956150054932,0.5561088919639587,0.0025877347216010094
1044,0.6766827702522278,0.5624538660049438,0.002284578513354063
1045,0.6528643369674683,0.5458450317382812,0.0021403864957392216
1046,0.6641359329223633,0.5559198260307312,0.0021643226500600576
1047,0.6496947407722473,0.5530385971069336,0.0019331228686496615
1048,0.6731836795806885,0.5975185632705688,0.0015133027918636799
1049,0.6326496005058289,0.544023871421814,0.0017725146608427167
1050,0.6427143812179565,0.5488226413726807,0.0018778345547616482
1051,0.6406412124633789,0.5641924738883972,0.0015289746224880219
1052,0.6607731580734253,0.5520075559616089,0.0021753120236098766
1053,0.6405700445175171,0.5442583560943604,0.0019262334099039435
1054,0.6617107391357422,0.5366038680076599,0.0025021377950906754
1055,0.6312376856803894,0.5296173691749573,0.002032406162470579
1056,0.631122887134552,0.5328357219696045,0.001965743489563465
1057,0.6462744474411011,0.5430867671966553,0.0020637535490095615
1058,0.6166295409202576,0.5435580015182495,0.0014614309184253216
1059,0.6392591595649719,0.5467971563339233,0.0018492403905838728
1060,0.626075029373169,0.5441780686378479,0.0016379386652261019
1061,0.6077373027801514,0.5226024389266968,0.00170269759837538
1062,0.640998899936676,0.5326317548751831,0.0021673429291695356
1063,0.6540268659591675,0.5383837223052979,0.0023128630127757788
1064,0.6005844473838806,0.532834529876709,0.0013549979776144028
1065,0.5922324061393738,0.49712538719177246,0.001902140211313963
1066,0.6646668910980225,0.5295519828796387,0.002702297642827034
1067,0.6443425416946411,0.5198293328285217,0.0024902638979256153
1068,0.6152573823928833,0.501933753490448,0.002266472904011607
1069,0.6250241994857788,0.5373097062110901,0.0017542900750413537
1070,0.6272174715995789,0.5377540588378906,0.0017892681062221527
1071,0.6409520506858826,0.5587689876556396,0.0016436614096164703
1072,0.6204501986503601,0.5463405847549438,0.0014821924269199371
1073,0.6355768442153931,0.5442379713058472,0.0018267768900841475
1074,0.6371952891349792,0.5432615280151367,0.0018786756554618478
1075,0.599416196346283,0.5130209922790527,0.0017279041931033134
1076,0.6645950078964233,0.5528370141983032,0.0022351595107465982
1077,0.6302117109298706,0.5595661401748657,0.0014129115734249353
1078,0.6754481792449951,0.568545937538147,0.0021380442194640636
1079,0.6343935132026672,0.538794755935669,0.0019119749777019024
1080,0.601377010345459,0.5025730133056641,0.0019760793074965477
1081,0.6307701468467712,0.5286418199539185,0.002042566891759634
1082,0.6282600164413452,0.5203883051872253,0.002157434821128845
1083,0.8129162788391113,0.5280499458312988,0.005697326734662056
1084,0.5898213386535645,0.5151202082633972,0.0014940225519239902
1085,0.6783134937286377,0.5673325657844543,0.0022196187637746334
1086,0.6628862619400024,0.5517328977584839,0.0022230674512684345
1087,0.6538819670677185,0.5501555800437927,0.002074528019875288
1088,0.6656068563461304,0.5492584705352783,0.002326968125998974
1089,0.640559732913971,0.5423325896263123,0.0019645432475954294
1090,0.6276904940605164,0.5534019470214844,0.0014857706846669316
1091,0.6473227739334106,0.5351834297180176,0.0022427868098020554
1092,0.6245162487030029,0.5380896925926208,0.0017285309731960297
1093,0.6373192667961121,0.5273186564445496,0.0022000118624418974
1094,0.6185718774795532,0.5138132572174072,0.002095172181725502
1095,0.6363288760185242,0.5544707775115967,0.0016371619421988726
1096,0.6237556338310242,0.5442802309989929,0.0015895075630396605
1097,0.61026531457901,0.5150186419487,0.001904933014884591
1098,0.6196022033691406,0.5303714275360107,0.0017846152186393738
1099,0.6379421949386597,0.5492130517959595,0.0017745832446962595
1100,0.6174443364143372,0.5374970436096191,0.0015989462845027447
1101,0.6252395510673523,0.5509411096572876,0.0014859691727906466
1102,0.5790523290634155,0.5221599340438843,0.001137848012149334
1103,0.6042687296867371,0.5203464031219482,0.0016784461913630366
1104,0.6493927836418152,0.5288044214248657,0.0024117673747241497
1105,0.5731006264686584,0.5156553387641907,0.0011489063035696745
1106,0.565586507320404,0.5035882592201233,0.0012399650877341628
1107,0.6037840247154236,0.5275777578353882,0.001524125225841999
1108,0.6173776388168335,0.520124077796936,0.001945071155205369
1109,0.5628420114517212,0.4905868172645569,0.0014451044844463468
1110,0.6325080990791321,0.5493782758712769,0.0016625960124656558
1111,0.5835802555084229,0.5267224311828613,0.0011371559230610728
1112,0.5641606450080872,0.49580249190330505,0.0013671629130840302
1113,0.5491547584533691,0.4792260527610779,0.0013985737459734082
1114,0.5710522532463074,0.4864683747291565,0.001691677258349955
1115,0.5944051146507263,0.504462480545044,0.0017988531617447734
1116,0.5812981128692627,0.5019875764846802,0.0015862110303714871
1117,0.5624328255653381,0.49044734239578247,0.0014397096820175648
1118,0.5662415623664856,0.499693900346756,0.001330953324213624
1119,0.594970703125,0.5274475812911987,0.00135046208743006
1120,0.6064856648445129,0.5493759512901306,0.001142194028943777
1121,0.6212940216064453,0.5275717973709106,0.0018744447734206915
1122,0.5662050843238831,0.4957770109176636,0.0014085614820942283
1123,0.5819379091262817,0.4837430417537689,0.0019638966768980026
1124,0.6287088990211487,0.517468273639679,0.0022248129826039076
1125,0.5862454175949097,0.5007045269012451,0.0017108177999034524
1126,0.6064439415931702,0.4938991665840149,0.0022508956026285887
1127,0.6027964949607849,0.5121155977249146,0.0018136181170120835
1128,0.5713406801223755,0.4659860134124756,0.0021070935763418674
1129,0.6003292798995972,0.476293683052063,0.0024807117879390717
1130,0.5653966665267944,0.47997820377349854,0.001708369585685432
1131,0.5718335509300232,0.48893725872039795,0.001657925546169281
1132,0.5828440189361572,0.5058079957962036,0.0015407209284603596
1133,0.6007702350616455,0.4915469288825989,0.0021844657603651285
1134,0.6072543263435364,0.5008021593093872,0.0021290434524416924
1135,0.6234223246574402,0.5262850522994995,0.001942745060659945
1136,0.6108896732330322,0.5311541557312012,0.0015947099309414625
1137,0.6023576259613037,0.5387865900993347,0.0012714213225990534
1138,0.5746587514877319,0.5254652500152588,0.000983870355412364
1139,0.6089435815811157,0.5092742443084717,0.001993386074900627
1140,0.6310392022132874,0.5238310694694519,0.0021441627759486437
1141,0.6006479859352112,0.4940800070762634,0.002131359651684761
1142,0.622611403465271,0.5279414653778076,0.0018933990504592657
1143,0.5530685186386108,0.4825034439563751,0.0014113012002781034
1144,0.587268590927124,0.5136821269989014,0.0014717295998707414
1145,0.5796714425086975,0.5062841773033142,0.0014677452854812145
1146,0.5110957622528076,0.460930198431015,0.0010033107828348875
1147,0.5879791378974915,0.4935656785964966,0.0018882692093029618
1148,0.5733481049537659,0.4926263391971588,0.001614435575902462
1149,0.5961453914642334,0.5058830976486206,0.0018052462255582213
1150,0.5483121275901794,0.47936779260635376,0.001378886867314577
1151,0.583198070526123,0.5001445412635803,0.0016610701568424702
1152,0.557088315486908,0.499146431684494,0.0011588374618440866
1153,0.5616518259048462,0.4829111695289612,0.001574813388288021
1154,0.5624661445617676,0.49275723099708557,0.0013941779034212232
1155,0.5243319272994995,0.47013500332832336,0.0010839381720870733
1156,0.5394880771636963,0.4594261944293976,0.0016012375708669424
1157,0.5777350068092346,0.5060753226280212,0.0014331932179629803
1158,0.5340174436569214,0.47957462072372437,0.0010888559045270085
1159,0.5256525874137878,0.4550202190876007,0.0014126477763056755
1160,0.5496564507484436,0.4798019528388977,0.001397090032696724
1161,0.5697101950645447,0.4847032427787781,0.0017001386731863022
1162,0.5329307913780212,0.46625635027885437,0.001333488617092371
1163,0.5524449944496155,0.4867062568664551,0.001314774388447404
1164,0.5678699612617493,0.4944325387477875,0.0014687480870634317
1165,0.5748999714851379,0.48897287249565125,0.0017185421893373132
1166,0.5563538670539856,0.48376765847206116,0.00145172409247607
1167,0.5480464100837708,0.4768286347389221,0.0014243556652218103
1168,0.5989755392074585,0.5200830101966858,0.0015778499655425549
1169,0.5764151811599731,0.49855566024780273,0.001557190204039216
1170,0.6092337965965271,0.4968956708908081,0.002246762625873089
1171,0.5841164588928223,0.49971243739128113,0.0016880807233974338
1172,0.5556537508964539,0.4891357719898224,0.0013303596060723066
1173,0.5953353643417358,0.492795467376709,0.002050798386335373
1174,0.6322917938232422,0.5250438451766968,0.0021449595224112272
1175,0.5902020931243896,0.49443575739860535,0.001915327156893909
1176,0.5747925639152527,0.48413321375846863,0.0018131870310753584
1177,0.6330851316452026,0.5154236555099487,0.0023532300256192684
1178,0.6120837330818176,0.5116356015205383,0.0020089629106223583
1179,0.5954818725585938,0.5174928307533264,0.0015597802121192217
1180,0.610810399055481,0.5154902338981628,0.0019064036896452308
1181,0.5793370008468628,0.5045434236526489,0.0014958716928958893
1182,0.5826683044433594,0.4725766181945801,0.0022018342278897762
1183,0.5883845090866089,0.49654096364974976,0.0018368703313171864
1184,0.6111360788345337,0.5031877756118774,0.0021589663811028004
1185,0.6388208866119385,0.5295661687850952,0.0021850941702723503
1186,0.5856389403343201,0.5023647546768188,0.0016654832288622856
1187,0.6106331944465637,0.519809365272522,0.0018164761131629348
1188,0.6036518216133118,0.5172567367553711,0.0017279020976275206
1189,0.5684574842453003,0.5044724345207214,0.0012797011295333505
1190,0.6647793650627136,0.5081196427345276,0.0031331940554082394
1191,0.6367078423500061,0.5176529884338379,0.0023810970596969128
1192,0.6050600409507751,0.5153711438179016,0.001793777453713119
1193,0.5906423926353455,0.5071941614151001,0.0016689645126461983
1194,0.6238752603530884,0.49853038787841797,0.0025068973191082478
1195,0.5617329478263855,0.5107349753379822,0.0010199591051787138
1196,0.6216316223144531,0.5227615833282471,0.001977400854229927
1197,0.5891667008399963,0.5101518034934998,0.0015802978305146098
1198,0.6323071122169495,0.5235921144485474,0.0021742996759712696
1199,0.5980421900749207,0.501427173614502,0.001932300627231598
1200,0.6318023800849915,0.513914167881012,0.0023577644024044275
1201,0.6384127736091614,0.5301581621170044,0.0021650923881679773
1202,0.5623905062675476,0.48951396346092224,0.001457531121559441
1203,0.5619621276855469,0.47864770889282227,0.001666288124397397
1204,0.6321118474006653,0.5161266326904297,0.0023197040427476168
1205,0.6484129428863525,0.5194647312164307,0.002578964689746499
1206,0.6091457605361938,0.5176548957824707,0.0018298174254596233
1207,0.6450647115707397,0.5266916751861572,0.0023674601688981056
1208,0.629909098148346,0.5095127820968628,0.002407926134765148
1209,0.5210751891136169,0.4454084634780884,0.0015133344568312168
1210,0.5785531401634216,0.4982927441596985,0.0016052077990025282
1211,0.593758761882782,0.5244655013084412,0.001385865150950849
1212,0.5565899610519409,0.49915260076522827,0.0011487470474094152
1213,0.5545507669448853,0.4933925271034241,0.0012231648433953524
1214,0.5961148738861084,0.49402090907096863,0.002041878877207637
1215,0.5743920207023621,0.4857187867164612,0.0017734651919454336
1216,0.5694825053215027,0.4955980181694031,0.001477689715102315
1217,0.5870214700698853,0.47757071256637573,0.0021890157368034124
1218,0.5791369080543518,0.47187262773513794,0.002145285252481699
1219,0.5613471269607544,0.4738743305206299,0.0017494556959718466
1220,0.5594099164009094,0.4745084047317505,0.0016980298096314073
1221,0.5695599913597107,0.4970754384994507,0.0014496906660497189
1222,0.5556631684303284,0.5003812313079834,0.0011056383373215795
1223,0.5805503129959106,0.47526729106903076,0.0021056607365608215
1224,0.5728719234466553,0.4900117814540863,0.0016572033055126667
1225,0.5377853512763977,0.46639391779899597,0.0014278287999331951
1226,0.49834808707237244,0.4548570513725281,0.0008698204765096307
1227,0.5508908033370972,0.48021793365478516,0.0014134577941149473
1228,0.5396768450737,0.48206496238708496,0.0011522379936650395
1229,0.5578387379646301,0.4635523557662964,0.0018857275135815144
1230,0.5602596402168274,0.4632924199104309,0.0019393443362787366
1231,0.5015138387680054,0.45869433879852295,0.0008563903393223882
1232,0.5179636478424072,0.4590222239494324,0.0011788280680775642
1233,0.5411996841430664,0.47948193550109863,0.0012343551497906446
1234,0.5226213932037354,0.4773695468902588,0.0009050363441929221
1235,0.5743394494056702,0.4862533211708069,0.001761722145602107
1236,0.5227047204971313,0.4300370216369629,0.0018533546244725585
1237,0.5171476602554321,0.457472026348114,0.0011935122311115265
1238,0.525153398513794,0.44017142057418823,0.0016996401827782393
1239,0.5347089767456055,0.47882139682769775,0.0011177512351423502
1240,0.5798243880271912,0.4555516541004181,0.0024854550138115883
1241,0.5802863240242004,0.47802671790122986,0.0020451918244361877
1242,0.5375364422798157,0.4693278968334198,0.0013641704572364688
1243,0.5808131694793701,0.4808993935585022,0.001998275751248002
1244,0.5694947242736816,0.47779303789138794,0.001834033988416195
1245,0.5028931498527527,0.4586036205291748,0.0008857902139425278
1246,0.5246350765228271,0.45546430349349976,0.001383415306918323
1247,0.5236536860466003,0.47505858540534973,0.000971901579760015
1248,0.5103082060813904,0.441787987947464,0.0013704047305509448
1249,0.523522675037384,0.43694108724594116,0.0017316319281235337
1250,0.49062836170196533,0.4336022138595581,0.001140523119829595
1251,0.48382842540740967,0.42723339796066284,0.0011319003533571959
1252,0.5247558355331421,0.4560791254043579,0.0013735346728935838
1253,0.5361626744270325,0.4703108072280884,0.0013170369202271104
1254,0.561438798904419,0.4337785840034485,0.002553205005824566
1255,0.5460785031318665,0.4514254629611969,0.0018930610967800021
1256,0.5447540283203125,0.44320178031921387,0.002031045500189066
1257,0.5563248991966248,0.4681749939918518,0.001762997591868043
1258,0.6148297190666199,0.4957437515258789,0.002381719648838043
1259,0.5442607402801514,0.4720521569252014,0.0014441717648878694
1260,0.5748903751373291,0.47054386138916016,0.0020869304426014423
1261,0.5829401016235352,0.4826319217681885,0.0020061638206243515
1262,0.6254861354827881,0.4746742248535156,0.0030162381008267403
1263,0.6014307141304016,0.4827311635017395,0.0023739906027913094
1264,0.5464166402816772,0.46798962354660034,0.0015685397665947676
1265,0.5881164073944092,0.48575785756111145,0.0020471704192459583
1266,0.5444375276565552,0.4424940347671509,0.002038870006799698
1267,0.5432083606719971,0.4844472408294678,0.001175222685560584
1268,0.5904085040092468,0.5195204615592957,0.0014177605044096708
1269,0.5562092661857605,0.4862107038497925,0.0013999707298353314
1270,0.5909019708633423,0.48604869842529297,0.0020970655605196953
1271,0.5736807584762573,0.48033469915390015,0.0018669207347556949
1272,0.5535901784896851,0.477815181016922,0.001515500247478485
1273,0.6303033232688904,0.4773755967617035,0.0030585541389882565
1274,0.7069230675697327,0.4612365961074829,0.00491372961550951
1275,0.6014129519462585,0.4833683967590332,0.002360890619456768
1276,0.5897095203399658,0.4941210150718689,0.0019117698539048433
1277,0.5550971627235413,0.466495156288147,0.0017720403848215938
1278,0.5574218034744263,0.4739614427089691,0.001669207471422851
1279,0.5642391443252563,0.480865478515625,0.0016674739308655262
1280,0.5609239935874939,0.4911550283432007,0.0013953789602965117
1281,0.5779626369476318,0.4875209331512451,0.0018088343786075711
1282,0.5366931557655334,0.4904254674911499,0.0009253534371964633
1283,0.5524504780769348,0.48598921298980713,0.0013292250223457813
1284,0.5673630833625793,0.49761414527893066,0.0013949788408353925
1285,0.5326986312866211,0.4777635633945465,0.0010987018467858434
1286,0.5151259303092957,0.44654160737991333,0.0013716869289055467
1287,0.5174548625946045,0.44321301579475403,0.0014848372666165233
1288,0.5293854475021362,0.48816120624542236,0.000824485148768872
1289,0.5187933444976807,0.46184879541397095,0.0011388914426788688
1290,0.5255767107009888,0.4776851534843445,0.0009578311000950634
1291,0.6016724705696106,0.4541724622249603,0.002950000111013651
1292,0.5403634905815125,0.4653780162334442,0.0014997089747339487
1293,0.5638510584831238,0.4797293543815613,0.0016824336489662528
1294,0.5472227931022644,0.4524434208869934,0.0018955878913402557
1295,0.5291554927825928,0.45792269706726074,0.0014246555510908365
1296,0.47759589552879333,0.43975943326950073,0.0007567291031591594
1297,0.5492314696311951,0.46735113859176636,0.0016376068815588951
1298,0.5721046924591064,0.4460272490978241,0.0025215488858520985
1299,0.5550503730773926,0.4502454996109009,0.0020960974507033825
1300,0.5782005190849304,0.4465872645378113,0.002632265444844961
1301,0.5189153552055359,0.44823727011680603,0.0014135618694126606
1302,0.532370388507843,0.4675670564174652,0.0012960671447217464
1303,0.562224268913269,0.46396350860595703,0.001965215429663658
1304,0.5310007333755493,0.46416687965393066,0.0013366767670959234
1305,0.5640368461608887,0.4601002633571625,0.0020787320099771023
1306,0.6285761594772339,0.4844528138637543,0.0028824664186686277
1307,0.5099890232086182,0.4499936103820801,0.0011999082053080201
1308,0.5918865203857422,0.4985732436180115,0.001866266131401062
1309,0.5376040935516357,0.4742050766944885,0.0012679805513471365
1310,0.5949402451515198,0.5044894218444824,0.0018090159865096211
1311,0.5828512907028198,0.498563289642334,0.0016857604496181011
1312,0.5817297101020813,0.5078938007354736,0.001476718345656991
1313,0.5299987196922302,0.47439858317375183,0.0011120028793811798
1314,0.6517206430435181,0.4928009510040283,0.003178393468260765
1315,0.6133360862731934,0.4870631694793701,0.0025254590436816216
1316,0.64990234375,0.4904441237449646,0.003189164912328124
1317,0.5579191446304321,0.4771305322647095,0.0016157717909663916
1318,0.6000882387161255,0.5054299831390381,0.0018931655213236809
1319,0.5449972152709961,0.47829052805900574,0.0013341335579752922
1320,0.5682079792022705,0.4646861255168915,0.002070436719805002
1321,0.5747525095939636,0.4826785624027252,0.0018414794467389584
1322,0.7642735838890076,0.4605753421783447,0.006073964759707451
1323,0.6640762090682983,0.49410897493362427,0.0033993448596447706
1324,0.5741419792175293,0.4863942265510559,0.0017549553886055946
1325,0.6442770957946777,0.48241889476776123,0.003237164346501231
1326,0.6509221196174622,0.5215121507644653,0.002588198985904455
1327,0.5885521173477173,0.5017778873443604,0.0017354851588606834
1328,0.5963249802589417,0.5125796794891357,0.0016749060014262795
1329,0.587907075881958,0.5032776594161987,0.0016925882082432508
1330,0.6142674088478088,0.5241374969482422,0.001802598126232624
1331,0.5683319568634033,0.4894212484359741,0.0015782136470079422
1332,0.5670346021652222,0.4976343810558319,0.0013880040496587753
1333,0.5589090585708618,0.49682047963142395,0.0012417715042829514
1334,0.5942416191101074,0.4985290765762329,0.001914250897243619
1335,0.5699276328086853,0.48987096548080444,0.0016011332627385855
1336,0.5805038213729858,0.510373592376709,0.0014026048593223095
1337,0.5417986512184143,0.4851149916648865,0.0011336731258779764
1338,0.5624452233314514,0.48997974395751953,0.0014493092894554138
1339,0.5805527567863464,0.4791768491268158,0.00202751811593771
1340,0.5494207143783569,0.5000171661376953,0.0009880708530545235
1341,0.593170166015625,0.48819559812545776,0.0020994911901652813
1342,0.5498062968254089,0.4793199896812439,0.0014097263338044286
1343,0.5703185200691223,0.5135095119476318,0.0011361802462488413
1344,0.5411391854286194,0.4781273603439331,0.0012602360220625997
1345,0.5549988150596619,0.49343129992485046,0.0012313502375036478
1346,0.564178466796875,0.47164398431777954,0.0018506894120946527
1347,0.5550622344017029,0.480976939201355,0.0014817062765359879
1348,0.5236445069313049,0.4699494242668152,0.001073901541531086
1349,0.558057427406311,0.5065779685974121,0.0010295893298462033
1350,0.5780055522918701,0.4832811951637268,0.001894486602395773
1351,0.5492187738418579,0.47010743618011475,0.0015822270652279258
1352,0.5565037131309509,0.4453708827495575,0.002222656272351742
1353,0.580331027507782,0.4800681471824646,0.0020052576437592506
1354,0.498259574174881,0.44899290800094604,0.000985333346761763
1355,0.5401536822319031,0.4752786159515381,0.0012975013814866543
1356,0.5287673473358154,0.4641152322292328,0.001293042441830039
1357,0.504798412322998,0.4366097152233124,0.0013637742958962917
1358,0.5340802073478699,0.45074576139450073,0.0016666888259351254
1359,0.5251256227493286,0.46488651633262634,0.0012047821655869484
1360,0.5092595219612122,0.45328307151794434,0.0011195288971066475
1361,0.5238196849822998,0.46195751428604126,0.001237243297509849
1362,0.5641992688179016,0.4791813790798187,0.0017003577668219805
1363,0.5550690293312073,0.45332276821136475,0.002034925390034914
1364,0.5213279128074646,0.4601038992404938,0.0012244798708707094
1365,0.5127463936805725,0.443704754114151,0.0013808325165882707
1366,0.5264192223548889,0.45165571570396423,0.0014952700585126877
1367,0.5222237706184387,0.45067018270492554,0.0014310721307992935
1368,0.5294489860534668,0.44889384508132935,0.0016111029544845223
1369,0.5475215315818787,0.4671356976032257,0.0016077166656032205
1370,0.5489553809165955,0.47048020362854004,0.0015695033362135291
1371,0.5195231437683105,0.45546048879623413,0.0012812535278499126
1372,0.49773862957954407,0.43812525272369385,0.0011922672856599092
1373,0.553296685218811,0.48894572257995605,0.0012870195787400007
1374,0.5299118757247925,0.46947112679481506,0.0012088152579963207
1375,0.5131645798683167,0.46399858593940735,0.0009833197109401226
1376,0.5180899500846863,0.45190489292144775,0.001323701348155737
1377,0.4993964433670044,0.4286644458770752,0.0014146396424621344
1378,0.5332948565483093,0.4479653835296631,0.0017065894789993763
1379,0.49416401982307434,0.42646118998527527,0.0013540564104914665
1380,0.4960826337337494,0.45466282963752747,0.000828396063297987
1381,0.4702399671077728,0.4247906804084778,0.0009089858504012227
1382,0.4802725911140442,0.4188876748085022,0.0012276980560272932
1383,0.4964258372783661,0.44417229294776917,0.0010450708214193583
1384,0.5398342609405518,0.4560132622718811,0.0016764202155172825
1385,0.5911707282066345,0.44467785954475403,0.0029298574663698673
1386,0.4956822395324707,0.4559755325317383,0.00079413439380005
1387,0.494608610868454,0.4474324882030487,0.0009435223182663321
1388,0.49508970975875854,0.4402635097503662,0.0010965237161144614
1389,0.484157919883728,0.43460384011268616,0.0009910814696922898
1390,0.49189040064811707,0.4399282932281494,0.001039242255501449
1391,0.5008826851844788,0.4534546732902527,0.0009485601331107318
1392,0.48870301246643066,0.447637140750885,0.0008213171968236566
1393,0.5375096797943115,0.47082751989364624,0.0013336434494704008
1394,0.5423144102096558,0.4578116536140442,0.0016900552436709404
1395,0.5580350160598755,0.4718145728111267,0.0017244095215573907
1396,0.5547360181808472,0.4882112741470337,0.0013304949970915914
1397,0.49224549531936646,0.4438481330871582,0.0009679474169388413
1398,0.5257725119590759,0.43877196311950684,0.0017400113865733147
1399,0.507911741733551,0.4484725296497345,0.0011887841392308474
1400,0.5885120034217834,0.45794355869293213,0.00261136912740767
1401,0.5198109149932861,0.4412860870361328,0.001570496242493391
1402,0.5553762912750244,0.48046863079071045,0.0014981534332036972
1403,0.5495716333389282,0.4703192412853241,0.0015850476920604706
1404,0.5692620873451233,0.460248202085495,0.0021802778355777264
1405,0.5637317895889282,0.4634432792663574,0.002005769871175289
1406,0.5560910701751709,0.46025052666664124,0.001916810986585915
1407,0.5881116390228271,0.45758867263793945,0.002610458992421627
1408,0.5041859149932861,0.4342483878135681,0.0013987498823553324
1409,0.4948429763317108,0.4361215829849243,0.001174427685327828
1410,0.5358405709266663,0.45667368173599243,0.001583338133059442
1411,0.5563228130340576,0.47715964913368225,0.001583263510838151
1412,0.5231629014015198,0.4780002534389496,0.0009032532689161599
1413,0.5412169694900513,0.466121107339859,0.0015019176062196493
1414,0.540993869304657,0.471307635307312,0.0013937251642346382
1415,0.5126442313194275,0.4449828863143921,0.0013532266020774841
1416,0.5498340725898743,0.48361116647720337,0.0013244578149169683
1417,0.5278072357177734,0.4675661027431488,0.0012048232601955533
1418,0.5252211093902588,0.4514704942703247,0.001475012395530939
1419,0.5426989197731018,0.44578561186790466,0.00193826574832201
1420,0.5478760004043579,0.47282731533050537,0.0015009739436209202
1421,0.47026485204696655,0.42394936084747314,0.0009263099054805934
1422,0.48783454298973083,0.42981743812561035,0.001160342013463378
1423,0.5428973436355591,0.45028752088546753,0.0018521964084357023
1424,0.5219016671180725,0.4606372117996216,0.001225289423018694
1425,0.4973635673522949,0.45307469367980957,0.0008857774664647877
1426,0.5019872188568115,0.444435715675354,0.0011510304175317287
1427,0.5207646489143372,0.4715556502342224,0.000984180485829711
1428,0.5367673635482788,0.47492629289627075,0.0012368212919682264
1429,0.491651326417923,0.4356827437877655,0.0011193716200068593
1430,0.511718213558197,0.457328736782074,0.001087789423763752
1431,0.46008071303367615,0.408538281917572,0.001030848827213049
1432,0.5344445109367371,0.459248811006546,0.001503914361819625
1433,0.49260538816452026,0.4326518177986145,0.0011990712955594063
1434,0.4887503981590271,0.44313424825668335,0.0009123231284320354
1435,0.4750650227069855,0.41605299711227417,0.0011802406515926123
1436,0.5167872309684753,0.44695723056793213,0.0013966001570224762
1437,0.5534125566482544,0.4293139576911926,0.0024819723330438137
1438,0.5250673294067383,0.42992135882377625,0.001902919146232307
1439,0.5158922672271729,0.4633721709251404,0.001050401944667101
1440,0.5925294160842896,0.4387384355068207,0.003075819695368409
1441,0.5659999251365662,0.4397038221359253,0.0025259219110012054
1442,0.5019102096557617,0.4402065873146057,0.0012340728426352143
1443,0.49144360423088074,0.4369817078113556,0.0010892380960285664
1444,0.5244801044464111,0.44030919671058655,0.0016834185225889087
1445,0.484920859336853,0.4357600808143616,0.000983215868473053
1446,0.5356389284133911,0.4592295289039612,0.0015281878877431154
1447,0.5211167931556702,0.4489019215106964,0.001444297842681408
1448,0.5264758467674255,0.48018041253089905,0.0009259087964892387
1449,0.49464982748031616,0.42422521114349365,0.001408492447808385
1450,0.48350220918655396,0.43537357449531555,0.0009625726961530745
1451,0.46609801054000854,0.4169781804084778,0.0009823967702686787
1452,0.46335774660110474,0.41362035274505615,0.0009947482030838728
1453,0.4696359932422638,0.4151948094367981,0.0010888234246522188
1454,0.5042556524276733,0.4097161293029785,0.001890790881589055
1455,0.48941829800605774,0.4381069839000702,0.0010262264404445887
1456,0.4604043960571289,0.3982841968536377,0.0012424037558957934
1457,0.5096411108970642,0.44794660806655884,0.0012338905362412333
1458,0.5185543298721313,0.43250560760498047,0.0017209741054102778
1459,0.5474558472633362,0.46185868978500366,0.001711943419650197
1460,0.6054952144622803,0.49478816986083984,0.002214141422882676
1461,0.5842267274856567,0.4857272505760193,0.0019699898548424244
1462,0.5648144483566284,0.4854636490345001,0.001587015693075955
1463,0.5284714698791504,0.4724794030189514,0.0011198415886610746
1464,0.5767136812210083,0.5007656216621399,0.0015189615078270435
1465,0.5399332642555237,0.49167895317077637,0.0009650857537053525
1466,0.5673086643218994,0.48199307918548584,0.0017063119448721409
1467,0.5713645219802856,0.4903178811073303,0.0016209329478442669
1468,0.5581160187721252,0.46897822618484497,0.0017827560659497976
1469,0.568077802658081,0.4956687092781067,0.0014481814578175545
1470,0.5222669243812561,0.45858120918273926,0.0012737148208543658
1471,0.5327256917953491,0.47349950671195984,0.0011845242697745562
1472,0.5542314052581787,0.47414612770080566,0.0016017059097066522
1473,0.5495343804359436,0.4810476005077362,0.001369735924527049
1474,0.504227340221405,0.4559488892555237,0.0009655685862526298
1475,0.5168651938438416,0.4583025574684143,0.001171252690255642
1476,0.5072038769721985,0.4468475580215454,0.001207126653753221
1477,0.4892144501209259,0.4064602255821228,0.0016550845466554165
1478,0.5128046870231628,0.42363786697387695,0.0017833368619903922
1479,0.49156612157821655,0.42223572731018066,0.0013866079971194267
1480,0.508186399936676,0.4495672583580017,0.0011723823845386505
1481,0.6639988422393799,0.43006470799446106,0.004678681958466768
1482,0.49643728137016296,0.45356273651123047,0.0008574911043979228
1483,0.5007646679878235,0.46193838119506836,0.0007765261107124388
1484,0.545369565486908,0.4629262685775757,0.001648866105824709
1485,0.5401501655578613,0.4805489182472229,0.0011920243268832564
1486,0.5588899850845337,0.47130680084228516,0.0017516638617962599
1487,0.5815898180007935,0.46138662099838257,0.0024040639400482178
1488,0.5286773443222046,0.45634037256240845,0.0014467400033026934
1489,0.5425066947937012,0.4689156413078308,0.0014718215679749846
1490,0.5182250738143921,0.46140027046203613,0.0011364960810169578
1491,0.5223426818847656,0.439338743686676,0.001660078763961792
1492,0.5817554593086243,0.4635709524154663,0.002363689709454775
1493,0.5392960906028748,0.4609189033508301,0.0015675436006858945
1494,0.5083865523338318,0.43580570816993713,0.0014516167575493455
1495,0.5170708894729614,0.44448012113571167,0.0014518153620883822
1496,0.5295327305793762,0.447205513715744,0.0016465438529849052
1497,0.531760573387146,0.46765679121017456,0.0012820751871913671
1498,0.49059614539146423,0.4227488040924072,0.0013569470029324293
1499,0.4747791290283203,0.4126695990562439,0.0012421905994415283
1500,0.4974924325942993,0.4529573321342468,0.0008907017763704062
